s_m,x_m,y_m,heading_rad,curvature_per_m,primitive_id
0.0,1.75,0.0,3.141592653589793,0.0,0
0.5,1.25,6.123233995736766e-17,3.141592653589793,0.0,0
1.0,0.75,1.2246467991473532e-16,3.141592653589793,0.0,0
1.5,0.25,1.8369701987210297e-16,3.141592653589793,0.0,0
2.0,-0.25,2.4492935982947064e-16,3.141592653589793,0.0,0
2.5,-0.75,3.061616997868383e-16,3.141592653589793,0.0,0
3.0,-1.25,3.6739403974420594e-16,3.141592653589793,0.0,0
3.5,-1.75,4.286263797015736e-16,3.141592653589793,0.0,1
3.999781782541671,-2.249781782541671,4.898319957277552e-16,3.141592653589793,0.0,1
4.499563565083342,-2.749563565083342,5.510376117539368e-16,3.141592653589793,0.0,1
4.999345347625013,-3.249345347625013,6.122432277801184e-16,3.141592653589793,0.0,1
5.499127130166684,-3.749127130166684,6.734488438063e-16,3.141592653589793,0.0,1
5.998908912708355,-4.248908912708355,7.346544598324816e-16,3.141592653589793,0.0,1
6.498690695250026,-4.748690695250026,7.958600758586631e-16,3.141592653589793,0.0,1
6.998472477791697,-5.248472477791697,8.570656918848448e-16,3.141592653589793,0.0,1
7.498254260333368,-5.748254260333368,9.182713079110265e-16,3.141592653589793,0.0,1
7.998036042875039,-6.248036042875039,9.79476923937208e-16,3.141592653589793,0.0,1
8.49781782541671,-6.7478178254167105,1.0406825399633895e-15,3.141592653589793,0.0,1
8.997599607958382,-7.2475996079583815,1.1018881559895712e-15,3.141592653589793,0.0,1
9.497381390500053,-7.747381390500053,1.1630937720157528e-15,3.141592653589793,0.0,1
9.997163173041724,-8.247163173041724,1.2242993880419343e-15,3.141592653589793,0.0,1
10.496944955583395,-8.746944955583395,1.2855050040681162e-15,3.141592653589793,0.0,1
10.996726738125066,-9.246726738125066,1.3467106200942975e-15,3.141592653589793,0.0,1
11.496508520666737,-9.746508520666737,1.4079162361204792e-15,3.141592653589793,0.0,1
11.996290303208408,-10.246290303208408,1.4691218521466609e-15,3.141592653589793,0.0,1
12.496072085750079,-10.746072085750079,1.5303274681728424e-15,3.141592653589793,0.0,1
12.99585386829175,-11.24585386829175,1.591533084199024e-15,3.141592653589793,0.0,1
13.495635650833421,-11.745635650833421,1.6527387002252055e-15,3.141592653589793,0.0,1
13.995417433375092,-12.245417433375092,1.7139443162513872e-15,3.141592653589793,0.0,1
14.495199215916763,-12.745199215916763,1.7751499322775687e-15,3.141592653589793,0.0,1
14.994980998458434,-13.244980998458434,1.8363555483037504e-15,3.141592653589793,0.0,1
15.494762781000105,-13.744762781000105,1.897561164329932e-15,3.141592653589793,0.0,1
15.994544563541776,-14.244544563541776,1.9587667803561138e-15,3.141592653589793,0.0,1
16.494326346083447,-14.744326346083447,2.0199723963822953e-15,3.141592653589793,0.0,1
16.99410812862512,-15.244108128625118,2.0811780124084767e-15,3.141592653589793,0.0,1
17.49388991116679,-15.743889911166791,2.1423836284346586e-15,3.141592653589793,0.0,1
17.99367169370846,-16.24367169370846,2.2035892444608397e-15,3.141592653589793,0.0,1
18.49345347625013,-16.74345347625013,2.2647948604870216e-15,3.141592653589793,0.0,1
18.993235258791806,-17.243235258791806,2.3260004765132035e-15,3.141592653589793,0.0,1
19.493017041333474,-17.743017041333474,2.3872060925393846e-15,3.141592653589793,0.0,1
19.992798823875145,-18.242798823875145,2.4484117085655665e-15,3.141592653589793,0.0,1
20.492580606416816,-18.742580606416816,2.5096173245917483e-15,3.141592653589793,0.0,1
20.992362388958487,-19.242362388958487,2.5708229406179294e-15,3.141592653589793,0.0,1
21.492144171500158,-19.742144171500158,2.6320285566441113e-15,3.141592653589793,0.0,1
21.99192595404183,-20.24192595404183,2.6932341726702924e-15,3.141592653589793,0.0,1
22.4917077365835,-20.7417077365835,2.7544397886964743e-15,3.141592653589793,0.0,1
22.99148951912517,-21.24148951912517,2.815645404722656e-15,3.141592653589793,0.0,1
23.491271301666842,-21.741271301666842,2.8768510207488373e-15,3.141592653589793,0.0,1
23.991053084208513,-22.241053084208513,2.938056636775019e-15,3.141592653589793,0.0,1
24.490834866750184,-22.740834866750184,2.999262252801201e-15,3.141592653589793,0.0,1
24.990616649291855,-23.240616649291855,3.060467868827382e-15,3.141592653589793,0.0,1
25.490398431833526,-23.740398431833526,3.121673484853564e-15,3.141592653589793,0.0,1
25.990180214375197,-24.240180214375197,3.182879100879746e-15,3.141592653589793,0.0,1
26.48996199691687,-24.73996199691687,3.244084716905927e-15,3.141592653589793,0.0,1
26.98974377945854,-25.23974377945854,3.305290332932109e-15,3.141592653589793,0.0,1
27.48952556200021,-25.73952556200021,3.36649594895829e-15,3.141592653589793,0.0,1
27.98930734454188,-26.23930734454188,3.427701564984472e-15,3.141592653589793,0.0,1
28.489089127083552,-26.739089127083552,3.4889071810106537e-15,3.141592653589793,0.0,1
28.988870909625224,-27.238870909625224,3.550112797036835e-15,3.141592653589793,0.0,1
29.488652692166895,-27.738652692166895,3.611318413063017e-15,3.141592653589793,0.0,1
29.988434474708566,-28.238434474708566,3.6725240290891986e-15,3.141592653589793,0.0,1
30.488216257250237,-28.738216257250237,3.73372964511538e-15,3.141592653589793,0.0,1
30.987998039791908,-29.237998039791908,3.7949352611415616e-15,3.141592653589793,0.0,1
31.487779822333582,-29.737779822333582,3.8561408771677434e-15,3.141592653589793,0.0,1
31.98756160487525,-30.23756160487525,3.9173464931939245e-15,3.141592653589793,0.0,1
32.48734338741692,-30.73734338741692,3.9785521092201064e-15,3.141592653589793,0.0,1
32.98712516995859,-31.237125169958592,4.039757725246288e-15,3.141592653589793,0.0,1
33.48690695250026,-31.73690695250026,4.100963341272469e-15,3.141592653589793,0.0,1
33.98668873504193,-32.23668873504193,4.1621689572986505e-15,3.141592653589793,0.0,1
34.48647051758361,-32.73647051758361,4.223374573324833e-15,3.141592653589793,0.0,1
34.98625230012527,-33.23625230012527,4.284580189351014e-15,3.141592653589793,0.0,1
35.48603408266695,-33.73603408266695,4.345785805377196e-15,3.141592653589793,0.0,1
35.985815865208615,-34.235815865208615,4.406991421403377e-15,3.141592653589793,0.0,1
36.48559764775029,-34.73559764775029,4.468197037429559e-15,3.141592653589793,0.0,1
36.985379430291964,-35.235379430291964,4.529402653455741e-15,3.141592653589793,0.0,1
37.48516121283363,-35.73516121283363,4.590608269481923e-15,3.141592653589793,0.0,1
37.984942995375306,-36.234942995375306,4.651813885508105e-15,3.141592653589793,0.0,1
38.48472477791697,-36.73472477791697,4.713019501534286e-15,3.141592653589793,0.0,1
38.98450656045864,-37.23450656045864,4.774225117560467e-15,3.141592653589793,0.0,1
39.484288343000316,-37.734288343000316,4.835430733586649e-15,3.141592653589793,0.0,1
39.98407012554199,-38.23407012554199,4.896636349612831e-15,3.141592653589793,0.0,1
40.48385190808366,-38.73385190808366,4.957841965639012e-15,3.141592653589793,0.0,1
40.98363369062533,-39.23363369062533,5.0190475816651945e-15,3.141592653589793,0.0,1
41.483415473167,-39.733415473167,5.0802531976913756e-15,3.141592653589793,0.0,1
41.98319725570867,-40.23319725570867,5.141458813717557e-15,3.141592653589793,0.0,1
42.48297903825034,-40.73297903825034,5.2026644297437385e-15,3.141592653589793,0.0,1
42.982760820792016,-41.232760820792016,5.2638700457699204e-15,3.141592653589793,0.0,1
43.482542603333684,-41.732542603333684,5.3250756617961015e-15,3.141592653589793,0.0,1
43.98232438587536,-42.23232438587536,5.3862812778222834e-15,3.141592653589793,0.0,1
44.482106168417026,-42.732106168417026,5.4474868938484645e-15,3.141592653589793,0.0,1
44.98188795095869,-43.23188795095869,5.508692509874646e-15,3.141592653589793,0.0,1
45.48166973350037,-43.73166973350037,5.569898125900828e-15,3.141592653589793,0.0,1
45.98145151604204,-44.23145151604204,5.63110374192701e-15,3.141592653589793,0.0,1
46.48123329858371,-44.73123329858371,5.692309357953191e-15,3.141592653589793,0.0,1
46.981015081125385,-45.231015081125385,5.753514973979373e-15,3.141592653589793,0.0,1
47.48079686366705,-45.73079686366705,5.814720590005554e-15,3.141592653589793,0.0,1
47.98057864620872,-46.23057864620872,5.875926206031735e-15,3.141592653589793,0.0,1
48.480360428750394,-46.730360428750394,5.937131822057918e-15,3.141592653589793,0.0,1
48.98014221129207,-47.23014221129207,5.9983374380841e-15,3.141592653589793,0.0,1
49.47992399383374,-47.72992399383374,6.059543054110281e-15,3.141592653589793,0.0,1
49.97970577637541,-48.22970577637541,6.120748670136463e-15,3.141592653589793,0.0,1
50.47948755891708,-48.72948755891708,6.181954286162644e-15,3.141592653589793,0.0,1
50.979269341458746,-49.229269341458746,6.243159902188825e-15,3.141592653589793,0.0,1
51.47905112400042,-49.72905112400042,6.304365518215007e-15,3.141592653589793,0.0,1
51.978832906542095,-50.228832906542095,6.3655711342411896e-15,3.141592653589793,0.0,1
52.47861468908376,-50.72861468908376,6.426776750267371e-15,3.141592653589793,0.0,1
52.97839647162543,-51.22839647162543,6.487982366293552e-15,3.141592653589793,0.0,1
53.478178254167105,-51.728178254167105,6.549187982319734e-15,3.141592653589793,0.0,1
53.97796003670877,-52.22796003670877,6.610393598345915e-15,3.141592653589793,0.0,1
54.47774181925045,-52.72774181925045,6.671599214372097e-15,3.141592653589793,0.0,1
54.97752360179212,-53.22752360179212,6.7328048303982785e-15,3.141592653589793,0.0,1
55.47730538433379,-53.72730538433379,6.79401044642446e-15,3.141592653589793,0.0,1
55.97708716687546,-54.22708716687546,6.8552160624506415e-15,3.141592653589793,0.0,1
56.47686894941713,-54.72686894941713,6.916421678476823e-15,3.141592653589793,0.0,1
56.9766507319588,-55.2266507319588,6.9776272945030045e-15,3.141592653589793,0.0,1
57.47643251450047,-55.72643251450047,7.038832910529186e-15,3.141592653589793,0.0,1
57.97621429704215,-56.22621429704215,7.100038526555368e-15,3.141592653589793,0.0,1
58.475996079583815,-56.725996079583815,7.161244142581549e-15,3.141592653589793,0.0,1
58.97577786212548,-57.22577786212548,7.22244975860773e-15,3.141592653589793,0.0,1
59.475559644667165,-57.725559644667165,7.283655374633914e-15,3.141592653589793,0.0,1
59.975341427208825,-58.225341427208825,7.344860990660094e-15,3.141592653589793,0.0,1
60.4751232097505,-58.7251232097505,7.406066606686276e-15,3.141592653589793,0.0,1
60.97490499229217,-59.22490499229217,7.467272222712456e-15,3.141592653589793,0.0,1
61.47468677483384,-59.72468677483384,7.528477838738638e-15,3.141592653589793,0.0,1
61.974468557375516,-60.224468557375516,7.58968345476482e-15,3.141592653589793,0.0,1
62.474250339917184,-60.724250339917184,7.650889070791002e-15,3.141592653589793,0.0,1
62.97403212245886,-61.22403212245886,7.712094686817184e-15,3.141592653589793,0.0,1
63.47381390500052,-61.72381390500052,7.773300302843364e-15,3.141592653589793,0.0,1
63.9735956875422,-62.2235956875422,7.834505918869546e-15,3.141592653589793,0.0,1
64.47337747008386,-62.72337747008386,7.895711534895726e-15,3.141592653589793,0.0,1
64.97315925262554,-63.223159252625535,7.95691715092191e-15,3.141592653589793,0.0,1
65.47294103516722,-63.72294103516722,8.018122766948092e-15,3.141592653589793,0.0,1
65.97272281770887,-64.22272281770887,8.079328382974272e-15,3.141592653589793,0.0,1
66.47250460025055,-64.72250460025055,8.140533999000454e-15,3.141592653589793,0.0,1
66.97228638279222,-65.22228638279222,8.201739615026636e-15,3.141592653589793,0.0,1
67.4720681653339,-65.7220681653339,8.262945231052818e-15,3.141592653589793,0.0,1
67.97184994787557,-66.22184994787557,8.324150847079e-15,3.141592653589793,0.0,1
68.47163173041723,-66.72163173041723,8.38535646310518e-15,3.141592653589793,0.0,1
68.9714135129589,-67.2214135129589,8.446562079131362e-15,3.141592653589793,0.0,1
69.47119529550058,-67.72119529550058,8.507767695157544e-15,3.141592653589793,0.0,1
69.97097707804225,-68.22097707804225,8.568973311183726e-15,3.141592653589793,0.0,1
70.47075886058393,-68.72075886058393,8.630178927209907e-15,3.141592653589793,0.0,1
70.97054064312559,-69.22054064312559,8.691384543236088e-15,3.141592653589793,0.0,1
71.47032242566726,-69.72032242566726,8.752590159262271e-15,3.141592653589793,0.0,1
71.97010420820894,-70.22010420820894,8.813795775288453e-15,3.141592653589793,0.0,1
72.46988599075061,-70.71988599075061,8.875001391314635e-15,3.141592653589793,0.0,1
72.96966777329227,-71.21966777329227,8.936207007340815e-15,3.141592653589793,0.0,1
73.46944955583395,-71.71944955583395,8.997412623366997e-15,3.141592653589793,0.0,1
73.96923133837562,-72.21923133837562,9.058618239393179e-15,3.141592653589793,0.0,1
74.46901312091728,-72.71901312091728,9.11982385541936e-15,3.141592653589793,0.0,1
74.96879490345896,-73.21879490345896,9.181029471445541e-15,3.141592653589793,0.0,1
75.46857668600063,-73.71857668600063,9.242235087471723e-15,3.141592653589793,0.0,1
75.9683584685423,-74.2183584685423,9.303440703497905e-15,3.141592653589793,0.0,1
76.46814025108398,-74.71814025108398,9.364646319524087e-15,3.141592653589793,0.0,1
76.96792203362564,-75.21792203362564,9.425851935550267e-15,3.141592653589793,0.0,1
77.46770381616732,-75.71770381616732,9.487057551576449e-15,3.141592653589793,-0.013519413857773794,2
77.96708002299778,-76.2170762294372,0.0016857063006997643,3.1348413799789268,-0.013519413857773794,2
78.46645622982825,-76.71642588155106,0.006742748369074686,3.1280901063680604,-0.013519413857773794,2
78.96583243665872,-77.21573001239034,0.01517089570757771,3.121338832757194,-0.013519413857773794,2
79.46520864348918,-77.71496586391127,0.026969764165278465,3.1145875591463277,-0.013519413857773794,2
79.96458485031965,-78.21411068118229,0.042138815955397306,3.1078362855354613,-0.013519413857773794,2
80.46396105715012,-78.71314171342104,0.06067735967978547,3.1010850119245954,-0.013519413857773794,2
80.96333726398058,-79.21203621503155,0.08258455036049225,3.094333738313729,-0.013519413857773794,2
81.46271347081104,-79.71077144664075,0.10785938947821391,3.0875824647028627,-0.013519413857773794,2
81.96208967764152,-80.20932467613508,0.1365007250178788,3.0808311910919963,-0.013519413857773794,2
82.46146588447198,-80.70767317969651,0.1685072515210897,3.07407991748113,-0.013519413857773794,2
82.96084209130244,-81.20579424283835,0.20387751014565292,3.0673286438702636,-0.013519413857773794,2
83.46021829813292,-81.70366516144051,0.24260988873208797,3.0605773702593972,-0.013519413857773794,2
83.95959450496338,-82.20126324278438,0.28470262187707623,3.053826096648531,-0.013519413857773794,2
84.45897071179384,-82.69856580658715,0.3301537910139637,3.0470748230376645,-0.013519413857773794,2
84.9583469186243,-83.19555018603556,0.378961324500154,3.040323549426798,-0.013519413857773794,2
85.45772312545478,-83.69219372881898,0.4311229977116045,3.0335722758159323,-0.013519413857773794,2
85.95709933228524,-84.18847379816208,0.4866364331441712,3.026821002205066,-0.013519413857773794,2
86.4564755391157,-84.68436777385638,0.5454991005219837,3.0200697285941995,-0.013519413857773794,2
86.95585174594618,-85.17985305329137,0.6077083169127919,3.013318454983333,-0.013519413857773794,2
87.45522795277664,-85.67490705248471,0.6732612468502266,3.006567181372467,-0.013519413857773794,2
87.9546041596071,-86.16950720711169,0.7421549024630583,2.9998159077616005,-0.013519413857773794,2
88.45398036643758,-86.66363097353351,0.8143861436113851,2.993064634150734,-0.013519413857773794,2
88.95335657326804,-87.157255829825,0.8899516780297371,2.9863133605398677,-0.013519413857773794,2
89.4527327800985,-87.65035927680103,0.9688480614771595,2.9795620869290014,-0.013519413857773794,2
89.95210898692898,-88.14291883904207,1.0510716978941945,2.972810813318135,-0.013519413857773794,2
90.45148519375944,-88.63491206591858,1.136618839566778,2.9660595397072687,-0.013519413857773794,2
90.9508614005899,-89.12631653261433,1.2254855872970416,2.9593082660964027,-0.013519413857773794,2
91.45023760742038,-89.61710984114855,1.317667890581105,2.9525569924855364,-0.013519413857773794,2
91.94961381425084,-90.10726962139668,1.4131615477936246,2.94580571887467,-0.013519413857773794,2
92.4489900210813,-90.59677353211012,1.5119622063793074,2.9390544452638037,-0.013519413857773794,2
92.94836622791176,-91.08559926193449,1.6140653630513642,2.9323031716529373,-0.013519413857773794,2
93.44774243474224,-91.57372453042656,1.7194663639966712,2.925551898042071,-0.013519413857773794,2
93.9471186415727,-92.06112708906977,1.8281604050879696,2.9188006244312046,-0.013519413857773794,2
94.44649484840316,-92.54778472228841,1.9401425321027999,2.9120493508203382,-0.013519413857773794,2
94.94587105523362,-93.03367524846001,2.055407640949308,2.905298077209472,-0.013519413857773794,2
95.4452472620641,-93.51877652092652,2.1739504778988943,2.898546803598606,-0.013519413857773794,2
95.94462346889456,-94.00306642900378,2.295765639825709,2.8917955299877396,-0.013519413857773794,2
96.44399967572502,-94.48652289898908,2.4208475744528433,2.8850442563768732,-0.013519413857773794,2
96.9433758825555,-94.96912389516751,2.549190580605497,2.878292982766007,-0.013519413857773794,2
97.44275208938596,-95.45084742081625,2.680788808470752,2.8715417091551405,-0.013519413857773794,2
97.94212829621642,-95.93167151920713,2.815636259864251,2.864790435544274,-0.013519413857773794,2
98.4415045030469,-96.41157427460745,2.9537267885036025,2.858039161933408,-0.013519413857773794,2
98.94088070987736,-96.89053381327892,3.0950541002884666,2.8512878883225414,-0.013519413857773794,2
99.44025691670782,-97.36852830447458,3.239611753587497,2.844536614711675,-0.013519413857773794,2
99.9396331235383,-97.84553596143388,3.3873931595319267,2.8377853411008087,-0.013519413857773794,2
100.43900933036876,-98.32153504237573,3.5383915823158696,2.8310340674899424,-0.013519413857773794,2
100.93838553719922,-98.79650385148939,3.692600139503351,2.8242827938790764,-0.013519413857773794,2
101.43776174402969,-99.27042073992351,3.85001180234202,2.81753152026821,-0.013519413857773794,2
101.93713795086016,-99.74326410677273,4.010619396083489,2.8107802466573437,-0.013519413857773794,2
102.43651415769062,-100.21501240006225,4.17441560031035,2.8040289730464774,-0.013519413857773794,2
102.9358903645211,-100.68564411773029,4.3413929492698955,2.797277699435611,-0.013519413857773794,2
103.43526657135156,-101.15513780860799,4.511543832214304,2.7905264258247446,-0.013519413857773794,2
103.93464277818202,-101.62347207339721,4.684860493747649,2.7837751522138783,-0.013519413857773794,2
104.43401898501249,-102.09062556564591,4.861335034179283,2.777023878603012,-0.013519413857773794,2
104.93339519184295,-102.55657699272112,5.040959409883974,2.7702726049921456,-0.013519413857773794,2
105.43277139867342,-103.02130511677939,5.223725433668494,2.763521331381279,-0.013519413857773794,2
105.93214760550389,-103.48478875573485,5.409624775144787,2.756770057770413,-0.013519413857773794,2
106.43152381233435,-103.94700678422466,5.598648961109677,2.750018784159547,-0.013519413857773794,2
106.93090001916482,-104.40793813457194,5.790789375931108,2.7432675105486806,-0.013519413857773794,2
107.43027622599529,-104.86756179774594,5.986037261940743,2.736516236937814,-0.013519413857773794,2
107.92965243282575,-105.32585682431969,6.184383719833221,2.729764963326948,-0.013519413857773794,2
108.42902863965622,-105.7828023254248,6.385819709071767,2.7230136897160815,-0.013519413857773794,2
108.92840484648669,-106.23837747370368,6.590336048300206,2.716262416105215,-0.013519413857773794,2
109.42778105331715,-106.69256150425869,6.797923415761527,2.7095111424943488,-0.013519413857773794,2
109.92715726014762,-107.14533371559872,7.00857234972268,2.7027598688834824,-0.013519413857773794,2
110.42653346697809,-107.59667347058272,7.222273248905911,2.696008595272616,-0.013519413857773794,2
110.92590967380855,-108.04656019736021,7.439016372926298,2.68925732166175,-0.013519413857773794,2
111.42528588063902,-108.49497339030924,7.658791842735855,2.6825060480508833,-0.013519413857773794,2
111.92466208746947,-108.94189261097057,7.881589641073612,2.6757547744400174,-0.013519413857773794,2
112.42403829429995,-109.38729748897975,8.107399612922402,2.669003500829151,-0.013519413857773794,2
112.92341450113042,-109.83116772299519,8.336211465971566,2.6622522272182847,-0.013519413857773794,2
113.42279070796087,-110.27348308162371,8.568014771086174,2.6555009536074183,-0.013519413857773794,2
113.92216691479135,-110.71422340434253,8.802798962782324,2.648749679996552,-0.013519413857773794,2
114.42154312162181,-111.15336860241837,9.040553339708714,2.6419984063856856,-0.013519413857773794,2
114.92091932845227,-111.59089865982287,9.281267065134452,2.6352471327748193,-0.013519413857773794,2
115.42029553528275,-112.02679363414506,9.52492916744292,2.628495859163953,-0.013519413857773794,2
115.91967174211321,-112.46103365750025,9.771528540631904,2.6217445855530865,-0.013519413857773794,2
116.41904794894367,-112.89359893743563,10.021053944819785,2.6149933119422206,-0.013519413857773794,2
116.91842415577415,-113.32446975783242,10.273494006757888,2.6082420383313543,-0.013519413857773794,2
117.41780036260461,-113.75362647980448,10.528837220348759,2.601490764720488,-0.013519413857773794,2
117.91717656943507,-114.18104954259346,10.787071947170723,2.5947394911096215,-0.013519413857773794,2
118.41655277626555,-114.60671946446033,11.048186417008315,2.587988217498755,-0.013519413857773794,2
118.91592898309601,-115.03061684357345,11.31216872838874,2.581236943887889,-0.013519413857773794,2
119.41530518992647,-115.45272235889277,11.579006849124365,2.5744856702770225,-0.013519413857773794,2
119.91468139675695,-115.8730167710506,11.84868861686113,2.567734396666156,-0.013519413857773794,2
120.41405760358741,-116.29148092322842,12.121201739632907,2.5609831230552897,-0.013519413857773794,2
120.91343381041787,-116.70809574203008,12.396533796421744,2.5542318494444234,-0.013519413857773794,2
121.41281001724835,-117.12284223835121,12.674672237724055,2.547480575833557,-0.013519413857773794,2
121.91218622407881,-117.53570150824459,12.955604386122534,2.540729302222691,-0.013519413857773794,2
122.41156243090927,-117.94665473378203,13.239317436864114,2.5339780286118248,-0.013519413857773794,2
122.91093863773973,-118.35568318391182,13.525798458443477,2.5272267550009584,-0.013519413857773794,2
123.4103148445702,-118.76276821531259,13.815034393192516,2.520475481390092,-0.013519413857773794,2
123.90969105140067,-119.16789127324311,14.107012057875515,2.5137242077792257,-0.013519413857773794,2
124.40906725823115,-119.57103389238796,14.40171814429001,2.5069729341683593,-0.013519413857773794,2
124.9084434650616,-119.97217769769917,14.699139219873382,2.500221660557493,-0.013519413857773794,2
125.40781967189207,-120.3713044052337,14.999261728315085,2.493470386946627,-0.013519413857773794,2
125.90719587872253,-120.76839582298697,15.302071990174626,2.4867191133357602,-0.013519413857773794,2
126.406572085553,-121.1634338517218,15.607556203504851,2.4799678397248943,-0.013519413857773794,2
126.90594829238347,-121.55640048579366,15.915700444481358,2.4732165661140275,-0.013519413857773794,2
127.40532449921393,-121.947277813971,16.226490668036767,2.4664652925031616,-0.013519413857773794,2
127.9047007060444,-122.33604802025205,16.539912708501248,2.4597140188922952,-0.013519413857773794,2
128.40407691287487,-122.7226933846765,16.8559522802479,2.452962745281429,-0.013519413857773794,2
128.90345311970532,-123.10719628413335,17.17459497834404,2.4462114716705625,-0.013519413857773794,2
129.4028293265358,-123.48953919316418,17.495826279207723,2.439460198059696,-0.013519413857773794,2
129.90220553336627,-123.86970468476183,17.819631541269718,2.43270892444883,-0.013519413857773794,2
130.40158174019672,-124.24767543116482,18.145996005640892,2.4259576508379634,-0.013519413857773794,2
130.9009579470272,-124.62343420464713,18.47490479678487,2.419206377227097,-0.013519413857773794,2
131.40033415385767,-124.99696387830336,18.806342923196098,2.4124551036162307,-0.013519413857773794,2
131.89971036068812,-125.36824742682944,19.1402952780831,2.405703830005365,-0.013519413857773794,2
132.3990865675186,-125.73726792729866,19.476746640057158,2.398952556394498,-0.013519413857773794,2
132.89846277434907,-126.10400855993285,19.815681673825825,2.392201282783632,-0.013519413857773794,2
133.39783898117952,-126.46845260886921,20.15708493089229,2.3854500091727657,-0.013519413857773794,2
133.89721518801,-126.83058346292214,20.500940850259152,2.3786987355618994,-0.013519413857773794,2
134.39659139484047,-127.19038461634025,20.84723375913789,2.371947461951033,-0.013519413857773794,2
134.89596760167092,-127.54783966955893,21.195947873663183,2.3651961883401666,-0.013519413857773794,2
135.3953438085014,-127.9029323299476,21.547067299612273,2.3584449147293003,-0.013519413857773794,2
135.89472001533187,-128.25564641255244,21.90057603312947,2.351693641118434,-0.013519413857773794,2
136.39409622216232,-128.6059658408341,22.256457961455606,2.3449423675075676,-0.013519413857773794,2
136.8934724289928,-128.95387464740043,22.614696863662406,2.338191093896701,-0.013519413857773794,2
137.39284863582327,-129.29935697473414,22.97527641139184,2.3314398202858353,-0.013519413857773794,2
137.89222484265372,-129.64239707591594,23.338180169600452,2.3246885466749685,-0.013519413857773794,2
138.3916010494842,-129.9829793153418,23.70339159730824,2.3179372730641026,-0.013519413857773794,2
138.89097725631467,-130.321088169436,24.070894048352876,2.311185999453236,-0.013519413857773794,2
139.39035346314512,-130.65670822735854,24.440670772148188,2.30443472584237,-0.013519413857773794,2
139.8897296699756,-130.9898241917075,24.812704914447785,2.2976834522315035,-0.013519413857773794,2
140.38910587680607,-131.32042087921633,25.186979518113183,2.290932178620637,-0.013519413857773794,2
140.88848208363652,-131.648483221446,25.563477523886778,2.284180905009771,-0.013519413857773794,2
141.387858290467,-131.97399626547173,25.942181771169327,2.2774296313989044,-0.013519413857773794,2
141.88723449729747,-132.2969451745644,26.323074998802177,2.270678357788038,-0.013519413857773794,2
142.38661070412792,-132.61731522886708,26.70613984585399,2.2639270841771717,-0.013519413857773794,2
142.8859869109584,-132.93509182606573,27.09135885241203,2.2571758105663053,-0.013519413857773794,2
143.38536311778887,-133.25026048205487,27.47871446037804,2.250424536955439,-0.013519413857773794,2
143.88473932461932,-133.56280683159773,27.86818901426843,2.243673263344573,-0.013519413857773794,2
144.38411553144977,-133.87271662898104,28.259764762019167,2.2369219897337067,-0.013519413857773794,2
144.88349173828024,-134.1799757486643,28.653423855794717,2.2301707161228403,-0.013519413857773794,2
145.38286794511072,-134.48457018592364,29.049148352801666,2.223419442511974,-0.013519413857773794,2
145.88224415194117,-134.78648605749007,29.446920216106495,2.2166681689011076,-0.013519413857773794,2
146.38162035877164,-135.08570960218245,29.846721315457682,2.2099168952902417,-0.013519413857773794,2
146.88099656560212,-135.38222718153457,30.248533428112218,2.203165621679375,-0.013519413857773794,2
147.38037277243257,-135.67602528041684,30.652338239665855,2.196414348068509,-0.013519413857773794,2
147.87974897926307,-135.96709050765224,31.058117344888323,2.189663074457642,-0.013519413857773794,2
148.37912518609352,-136.25540959662678,31.46585224856175,2.1829118008467763,-0.013519413857773794,2
148.87850139292397,-136.54096940589415,31.875524366324118,2.17616052723591,-0.013519413857773794,2
149.37787759975444,-136.82375691977467,32.28711502551599,2.1694092536250436,-0.013519413857773794,2
149.87725380658492,-137.10375924894856,32.700605466031746,2.162657980014177,-0.013519413857773794,2
150.37663001341537,-137.3809636310434,33.115976841174685,2.155906706403311,-0.013519413857773794,2
150.87600622024584,-137.65535743121592,33.533210218515954,2.1491554327924445,-0.013519413857773794,2
151.37538242707632,-137.92692814272777,33.95228658075756,2.142404159181578,-0.013519413857773794,2
151.87475863390677,-138.1956633875157,34.373186826599095,2.135652885570712,-0.013519413857773794,2
152.37413484073724,-138.46155091675567,34.795891771608524,2.1289016119598454,-0.013519413857773794,2
152.87351104756772,-138.72457861142104,35.220382149096295,2.1221503383489795,-0.013519413857773794,2
153.37288725439817,-138.98473448283525,35.64663861099391,2.1153990647381127,-0.013519413857773794,2
153.87226346122864,-139.24200667321787,36.07464172873538,2.1086477911272468,-0.013519413857773794,2
154.37163966805912,-139.49638345622543,36.504371994143156,2.1018965175163804,-0.013519413857773794,2
154.87101587488957,-139.74785323748569,36.935809820317026,2.095145243905514,-0.013519413857773794,2
155.37039208172004,-139.99640455512616,37.36893554252699,2.0883939702946477,-0.013519413857773794,2
155.86976828855052,-140.24202608029654,37.80372941910956,2.0816426966837813,-0.013519413857773794,2
156.36914449538097,-140.48470661768502,38.24017163236754,2.0748914230729154,-0.013519413857773794,2
156.86852070221144,-140.7244351060287,38.67824228947346,2.0681401494620486,-0.013519413857773794,2
157.36789690904192,-140.96120061861757,39.11792142337591,2.0613888758511827,-0.013519413857773794,2
157.86727311587236,-141.19499236379272,39.55918899371018,2.054637602240316,-0.013519413857773794,2
158.36664932270284,-141.42579968543808,40.002024887711094,2.04788632862945,-0.013519413857773794,2
158.86602552953332,-141.6536120634662,40.44640892113031,2.041135055018583,-0.013519413857773794,2
159.36540173636376,-141.8784191142977,40.89232083915575,2.0343837814077173,-0.013519413857773794,2
159.86477794319424,-142.1002105913347,41.339740317335355,2.0276325077968504,-0.013519413857773794,2
160.36415415002472,-142.3189763854275,41.78864696250296,2.0208812341859845,-0.013519413857773794,2
160.86353035685516,-142.53470652533582,42.23902031370822,2.014129960575118,-0.013519413857773794,2
161.3629065636856,-142.7473911781829,42.69083984314892,2.007378686964252,-0.013519413857773794,2
161.86228277051612,-142.95702064990394,43.1440849571068,2.0006274133533855,-0.013519413857773794,2
162.36165897734656,-143.16358538568772,43.59873499688606,1.9938761397425193,-0.013519413857773794,2
162.861035184177,-143.36707597041232,44.05476923975513,1.987124866131653,-0.013519413857773794,2
163.36041139100752,-143.567483129074,44.512166899891106,1.9803735925207866,-0.013519413857773794,2
163.85978759783796,-143.76479772721032,44.970907129327145,1.9736223189099202,-0.013519413857773794,2
164.35916380466844,-143.95901077131612,45.43096901890275,1.9668710452990539,-0.013519413857773794,2
164.85854001149892,-144.15011340925366,45.8923315992168,1.9601197716881875,-0.013519413857773794,2
165.35791621832936,-144.33809693065595,46.35497384158328,1.9533684980773214,-0.013519413857773794,2
165.8572924251598,-144.52295276732397,46.81887465898986,1.946617224466455,-0.013519413857773794,2
166.35666863199032,-144.70467249361695,47.284012907058894,1.9398659508555887,-0.013519413857773794,2
166.85604483882076,-144.8832478268366,47.750367385011245,1.9331146772447223,-0.013519413857773794,2
167.3554210456512,-145.05867062760453,48.21791683663261,1.9263634036338562,-0.013519413857773794,2
167.8547972524817,-145.2309329002333,48.686639951242384,1.9196121300229898,-0.013519413857773794,2
168.35417345931216,-145.40002679309083,49.156515364664905,1.9128608564121237,-0.013519413857773794,2
168.8535496661426,-145.5659445989583,49.62752166020337,1.906109582801257,-0.013519413857773794,2
169.3529258729731,-145.72867875538134,50.099637369615785,1.899358309190391,-0.013519413857773794,2
169.85230207980356,-145.88822184501487,50.572840974093744,1.8926070355795244,-0.013519413857773794,2
170.351678286634,-146.04456659596104,51.04711090524295,1.8858557619686582,-0.013519413857773794,2
170.8510544934645,-146.19770588210088,51.5224255460666,1.8791044883577919,-0.013519413857773794,2
171.35043070029496,-146.3476327234188,51.998763231950406,1.8723532147469255,-0.013519413857773794,2
171.8498069071254,-146.49434028632106,52.47610225165024,1.8656019411360591,-0.013519413857773794,2
172.3491831139559,-146.63782188394703,52.95442084828161,1.858850667525193,-0.013519413857773794,2
172.84855932078636,-146.77807097647405,53.43369722031144,1.8520993939143267,-0.013519413857773794,2
173.3479355276168,-146.91508117141544,53.91390952255162,1.8453481203034605,-0.013519413857773794,2
173.8473117344473,-147.04884622391202,54.39503586715492,1.838596846692594,-0.013519413857773794,2
174.34668794127776,-147.17936003701658,54.877054324612324,1.8318455730817278,-0.013519413857773794,2
174.8460641481082,-147.30661666197187,55.3599429247529,1.8250942994708612,-0.013519413857773794,2
175.3454403549387,-147.43061029848172,55.843679657744886,1.818343025859995,-0.013519413857773794,2
175.84481656176916,-147.55133529497544,56.32824247509918,1.8115917522491285,-0.013519413857773794,2
176.3441927685996,-147.66878614886537,56.813609290674,1.8048404786382624,-0.013519413857773794,2
176.8435689754301,-147.78295750679763,57.299757981681815,1.798089205027396,-0.013519413857773794,2
177.34294518226056,-147.8938441648964,57.78666638969753,1.7913379314165299,-0.013519413857773794,2
177.842321389091,-148.00144106900063,58.27431232166857,1.7845866578056635,-0.013519413857773794,2
178.34169759592146,-148.105743314895,58.76267355092628,1.7778353841947974,-0.013519413857773794,2
178.84107380275194,-148.20674614853283,59.251727818199186,1.771084110583931,-0.013519413857773794,2
179.3404500095824,-148.3044449662533,59.74145283262745,1.7643328369730644,-0.013519413857773794,2
179.8398262164129,-148.39883531499092,60.23182627277884,1.757581563362198,-0.013519413857773794,2
180.33920242324336,-148.48991289247874,60.72282578766623,1.750830289751332,-0.013519413857773794,2
180.8385786300738,-148.57767354744425,61.21442899776637,1.7440790161404653,-0.013519413857773794,2
181.3379548369043,-148.66211327979877,61.70661349603973,1.7373277425295992,-0.013519413857773794,2
181.83733104373476,-148.7432282408196,62.199356848952085,1.7305764689187328,-0.013519413857773794,2
182.3367072505652,-148.8210147333256,62.69263659749679,1.7238251953078667,-0.013519413857773794,2
182.83608345739566,-148.89546921184558,63.186430258218586,1.7170739216970003,-0.013519413857773794,2
183.33545966422614,-148.96658828277998,63.68071532423833,1.710322648086134,-0.013519413857773794,2
183.8348358710566,-149.03436870455556,64.17546926627885,1.7035713744752679,-0.013519413857773794,2
184.3342120778871,-149.09880738777304,64.67066953369188,1.6968201008644013,-0.013519413857773794,2
184.83358828471756,-149.15990139534807,65.16629355548577,1.690068827253535,-0.013519413857773794,2
185.332964491548,-149.2176479426449,65.66231874135438,1.6833175536426688,-0.013519413857773794,2
185.83234069837846,-149.27204439760357,66.15872248270678,1.6765662800318024,-0.013519413857773794,2
186.33171690520896,-149.32308828085957,66.65548215369755,1.669815006420936,-0.013519413857773794,2
186.8310931120394,-149.37077726585716,67.15257511225825,1.6630637328100697,-0.013519413857773794,2
187.33046931886986,-149.41510917895516,67.64997870112929,1.6563124591992033,-0.013519413857773794,2
187.82984552570034,-149.45608199952613,68.14767024889272,1.6495611855883372,-0.013519413857773794,2
188.3292217325308,-149.49369386004855,68.6456270710056,1.6428099119774708,-0.013519413857773794,2
188.8285979393613,-149.5279430461917,69.1438264708339,1.6360586383666043,-0.013519413857773794,2
189.32797414619176,-149.55882799689408,69.64224574068692,1.6293073647557381,-0.013519413857773794,2
189.8273503530222,-149.5863473044344,70.14086216285251,1.6225560911448718,-0.013519413857773794,2
190.32672655985266,-149.6104997144958,70.63965301063236,1.6158048175340054,-0.013519413857773794,2
190.82610276668314,-149.6312841262229,71.13859554937792,1.6090535439231393,-0.013519413857773794,2
191.3254789735136,-149.64869959227218,71.6376670375267,1.6023022703122727,-0.013519413857773794,2
191.82485518034406,-149.662745318855,72.1368447276386,1.5955509967014065,-0.013519413857773794,2
192.32423138717454,-149.67342066577388,72.63610586743309,1.5887997230905402,-0.013519413857773794,2
192.823607594005,-149.68072514645158,73.13542770082587,1.582048449479674,-0.013519413857773794,2
193.32298380083546,-149.68465842795337,73.63478746896638,1.5752971758688077,-0.013519413857773794,2
193.82236000766596,-149.68522033100217,74.13416241127497,1.568545902257941,-0.013519413857773794,2
194.3217362144964,-149.68241082998668,74.6335297664803,1.5617946286470747,-0.013519413857773794,2
194.82111242132686,-149.67623005296267,75.13286677365689,1.5550433550362086,-0.013519413857773794,2
195.32048862815734,-149.66667828164694,75.63215067326259,1.5482920814253422,-0.013519413857773794,2
195.8198648349878,-149.65375595140472,76.13135870817568,1.541540807814476,-0.013519413857773794,2
196.31924104181826,-149.63746365122955,76.63046812473254,1.5347895342036098,-0.013519413857773794,2
196.81861724864874,-149.61780212371684,77.12945617376437,1.5280382605927434,-0.013519413857773794,2
197.3179934554792,-149.5947722650295,77.62830011163427,1.521286986981877,-0.013519413857773794,2
197.81736966230966,-149.5683751248575,78.1269772012739,1.514535713371011,-0.013519413857773794,2
198.31674586914016,-149.53861190636994,78.62546471321978,1.5077844397601443,-0.013519413857773794,2
198.8161220759706,-149.50548396616003,79.12373992664925,1.501033166149278,-0.013519413857773794,2
199.31549828280106,-149.46899281418348,79.62178013041611,1.4942818925384116,-0.013519413857773794,2
199.81487448963153,-149.4291401136896,80.11956262408583,1.4875306189275455,-0.013519413857773794,2
200.314250696462,-149.3859276811454,80.6170647189702,1.480779345316679,-0.013519413857773794,2
200.81362690329246,-149.33935748615295,81.11426373916137,1.474028071705813,-0.013519413857773794,2
201.3130031101229,-149.28943165135942,81.6111370225656,1.4672767980949466,-0.013519413857773794,2
201.8123793169534,-149.23615245236056,82.10766192193597,1.4605255244840802,-0.013519413857773794,2
202.31175552378386,-149.1795223175968,82.60381580590482,1.4537742508732139,-0.013519413857773794,2
202.8111317306143,-149.11954382824257,83.09957606001508,1.4470229772623477,-0.013519413857773794,2
203.3105079374448,-149.05621971808887,83.59492008775135,1.4402717036514812,-0.013519413857773794,2
203.80988414427526,-148.9895528734183,84.0898253115694,1.4335204300406148,-0.013519413857773794,2
204.30926035110573,-148.91954633287384,84.58426917392559,1.4267691564297484,-0.013519413857773794,2
204.8086365579362,-148.8462032873201,85.0782291383049,1.4200178828188823,-0.013519413857773794,2
205.30801276476666,-148.7695270796981,85.57168269024818,1.413266609208016,-0.013519413857773794,2
205.8073889715971,-148.68952120487276,86.06460733837822,1.4065153355971498,-0.013519413857773794,2
206.3067651784276,-148.60618930947362,86.55698061542513,1.3997640619862832,-0.013519413857773794,2
206.80614138525806,-148.51953519172864,87.04878007925011,1.3930127883754173,-0.013519413857773794,2
207.3055175920885,-148.42956280129113,87.53998331386863,1.3862615147645507,-0.013519413857773794,2
207.804893798919,-148.33627623905966,88.03056793047189,1.3795102411536844,-0.013519413857773794,2
208.30427000574946,-148.2396797569911,88.52051156844743,1.3727589675428178,-0.013519413857773794,2
208.8036462125799,-148.1397777579071,89.0097918963983,1.3660076939319519,-0.013519413857773794,2
209.3030224194104,-148.03657479529295,89.49838661316097,1.3592564203210853,-0.013519413857773794,2
209.80239862624086,-147.9300755730904,89.98627344882159,1.3525051467102194,-0.013519413857773794,2
210.3017748330713,-147.82028494548308,90.47343016573139,1.3457538730993528,-0.013519413857773794,2
210.8011510399018,-147.70720791667537,90.95983455951986,1.3390025994884864,-0.013519413857773794,2
211.30052724673226,-147.59084964066426,91.44546446010717,1.3322513258776203,-0.013519413857773794,2
211.7999034535627,-147.4712154210043,91.93029773271444,1.325500052266754,-0.013519413857773794,2
212.29927966039315,-147.34831071056615,92.41431227887273,1.3187487786558878,-0.013519413857773794,2
212.79865586722366,-147.22214111128773,92.89748603743033,1.311997505045021,-0.013519413857773794,2
213.2980320740541,-147.09271237391914,93.37979698555806,1.3052462314341549,-0.013519413857773794,2
213.7974082808846,-146.96003039776036,93.86122313975342,1.2984949578232885,-0.013519413857773794,2
214.29678448771506,-146.8241012303925,94.34174255684225,1.2917436842124224,-0.013519413857773794,2
214.7961606945455,-146.68493106740203,94.82133333497912,1.284992410601556,-0.013519413857773794,2
215.29553690137595,-146.54252625209858,95.29997361464547,1.2782411369906899,-0.013519413857773794,2
215.79491310820646,-146.39689327522547,95.77764157964604,1.2714898633798235,-0.013519413857773794,2
216.2942893150369,-146.24803877466428,96.25431545810325,1.264738589768957,-0.013519413857773794,2
216.79366552186735,-146.09596953513204,96.72997352344932,1.2579873161580908,-0.013519413857773794,2
217.29304172869786,-145.940692487872,97.20459409541701,1.2512360425472244,-0.013519413857773794,2
217.7924179355283,-145.78221471033783,97.67815554102732,1.244484768936358,-0.013519413857773794,2
218.2917941423588,-145.62054342587084,98.15063627557588,1.2377334953254915,-0.013519413857773794,2
218.79117034918926,-145.45568600337103,98.62201476361645,1.2309822217146256,-0.013519413857773794,2
219.2905465560197,-145.2876499569609,99.09226951994285,1.224230948103759,-0.013519413857773794,2
219.78992276285015,-145.1164429456432,99.56137911056783,1.2174796744928928,-0.013519413857773794,2
220.28929896968066,-144.94207277295166,100.0293221537005,1.2107284008820265,-0.013519413857773794,2
220.7886751765111,-144.7645473865955,100.4960773207204,1.2039771272711604,-0.013519413857773794,2
221.28805138334155,-144.58387487809696,100.96162333715013,1.197225853660294,-0.013519413857773794,2
221.78742759017206,-144.4000634824227,101.4259389836246,1.1904745800494276,-0.013519413857773794,2
222.2868037970025,-144.21312157760832,101.8890030968585,1.183723306438561,-0.013519413857773794,2
222.786180003833,-144.0230576843765,102.35079457061076,1.1769720328276947,-0.013519413857773794,2
223.28555621066346,-143.82988046574872,102.81129235664663,1.1702207592168286,-0.013519413857773794,2
223.7849324174939,-143.6335987266503,103.27047546569707,1.1634694856059622,-0.013519413857773794,2
224.28430862432435,-143.43422141350914,103.7283229684153,1.156718211995096,-0.013519413857773794,2
224.78368483115486,-143.2317576138479,104.18481399633089,1.1499669383842297,-0.013519413857773794,2
225.2830610379853,-143.02621655586984,104.63992774280092,1.1432156647733636,-0.013519413857773794,2
225.78243724481575,-142.8176076080382,105.09364346395822,1.1364643911624972,-0.013519413857773794,2
226.28181345164626,-142.6059402786492,105.545940479657,1.1297131175516308,-0.013519413857773794,2
226.7811896584767,-142.39122421539847,105.99679817441543,1.122961843940764,-0.013519413857773794,2
227.28056586530715,-142.17346920494168,106.44619599835504,1.1162105703298981,-0.013519413857773794,2
227.77994207213766,-141.95268517244818,106.89411346813785,1.1094592967190318,-0.013519413857773794,2
228.2793182789681,-141.72888218114866,107.34053016789952,1.1027080231081654,-0.013519413857773794,2
228.77869448579855,-141.50207043187655,107.78542575018018,1.095956749497299,-0.013519413857773794,2
229.27807069262906,-141.272260262603,108.22877993685171,1.0892054758864327,-0.013519413857773794,2
229.7774468994595,-141.03946214796576,108.67057252004211,1.0824542022755668,-0.013519413857773794,2
230.27682310628995,-140.80368669879164,109.11078336305656,1.0757029286647,-0.013519413857773794,2
230.7761993131204,-140.56494466161303,109.54939240129505,1.068951655053834,-0.013519413857773794,2
231.2755755199509,-140.3232469181779,109.98637964316725,1.0622003814429677,-0.013519413857773794,2
231.77495172678135,-140.07860448495387,110.42172517100342,1.0554491078321013,-0.013519413857773794,2
232.27432793361186,-139.83102851262618,110.85540914196241,1.0486978342212345,-0.013519413857773794,2
232.7737041404423,-139.58053028558945,111.28741178893594,1.0419465606103686,-0.013519413857773794,2
233.27308034727275,-139.32712122143312,111.71771342144984,1.0351952869995023,-0.013519413857773794,2
233.77245655410326,-139.07081287042126,112.14629442656124,1.028444013388636,-0.013519413857773794,2
234.2718327609337,-138.8116169149661,112.57313526975273,1.0216927397777695,-0.013519413857773794,2
234.77120896776415,-138.54954516909544,112.99821649582255,1.0149414661669032,-0.013519413857773794,2
235.2705851745946,-138.28460957791424,113.42151872977148,1.0081901925560373,-0.013519413857773794,2
235.7699613814251,-138.01682221706017,113.843022677686,1.001438918945171,-0.013519413857773794,2
236.26933758825555,-137.74619529215317,114.26270912761755,0.9946876453343041,-0.013519413857773794,2
236.76871379508606,-137.47274113823926,114.68055895045819,0.9879363717234377,-0.013519413857773794,2
237.2680900019165,-137.1964722192281,115.0965531008126,0.9811850981125718,-0.013519413857773794,2
237.76746620874695,-136.91740112732504,115.51067261786623,0.9744338245017055,-0.013519413857773794,2
238.2668424155774,-136.63554058245705,115.92289862624934,0.9676825508908391,-0.013519413857773794,2
238.7662186224079,-136.35090343169318,116.33321233689735,0.9609312772799727,-0.013519413857773794,2
239.26559482923835,-136.06350264865875,116.7415950479074,0.9541800036691064,-0.013519413857773794,2
239.7649710360688,-135.77335133294415,117.14802814539057,0.9474287300582405,-0.013519413857773794,2
240.2643472428993,-135.4804627095077,117.55249310432058,0.9406774564473737,-0.013519413857773794,2
240.76372344972975,-135.18485012807298,117.9549714893777,0.9339261828365077,-0.013519413857773794,2
241.26309965656026,-134.88652706252014,118.35544495578954,0.9271749092256409,-0.013519413857773794,2
241.7624758633907,-134.5855071102721,118.75389525016672,0.920423635614775,-0.013519413857773794,2
242.26185207022115,-134.28180399167434,119.15030421133528,0.9136723620039082,-0.013519413857773794,2
242.7612282770516,-133.97543154937,119.5446537711641,0.9069210883930423,-0.013519413857773794,2
243.2606044838821,-133.6664037476686,119.93692595538867,0.900169814782176,-0.013519413857773794,2
243.75998069071255,-133.35473467190968,120.32710288443023,0.8934185411713096,-0.013519413857773794,2
244.259356897543,-133.04043852782084,120.71516677421079,0.8866672675604432,-0.013519413857773794,2
244.7587331043735,-132.72352964087017,121.1010999369636,0.8799159939495769,-0.013519413857773794,2
245.25810931120395,-132.40402245561333,121.48488478203953,0.873164720338711,-0.013519413857773794,2
245.75748551803446,-132.08193153503515,121.86650381670871,0.8664134467278441,-0.013519413857773794,2
246.2568617248649,-131.75727155988594,122.24593964695784,0.8596621731169778,-0.013519413857773794,2
246.75623793169535,-131.43005732801225,122.62317497828303,0.8529108995061114,-0.013519413857773794,2
247.2556141385258,-131.10030375368245,122.99819261647812,0.8461596258952455,-0.013519413857773794,2
247.7549903453563,-130.7680258669069,123.37097546841834,0.8394083522843792,-0.013519413857773794,2
248.25436655218675,-130.43323881275293,123.7415065428394,0.8326570786735128,-0.013519413857773794,2
248.7537427590172,-130.09595785065451,124.10976895111196,0.8259058050626464,-0.013519413857773794,2
249.2531189658477,-129.7561983537168,124.47574590801135,0.8191545314517801,-0.013519413857773794,2
249.75249517267815,-129.41397580801532,124.83942073248275,0.8124032578409142,-0.013519413857773794,2
250.2518713795086,-129.0693058118902,125.20077684840143,0.8056519842300474,-0.013519413857773794,2
250.7512475863391,-128.72220407523517,125.55979778532824,0.798900710619181,-0.013519413857773794,2
251.25062379316955,-128.3726864187816,125.91646717926038,0.7921494370083146,-0.013519413857773794,2
251.75,-128.0207687733773,126.2707687733773,0.7853981633974487,-0.013519413857773794,2
252.2493762068305,-127.66646717926037,126.62268641878164,0.7786468897865819,-0.013519413857773794,2
252.74875241366095,-127.30979778532821,126.97220407523518,0.771895616175716,-0.013519413857773794,2
253.2481286204914,-126.95077684840143,127.31930581189019,0.7651443425648496,-0.013519413857773794,2
253.74750482732185,-126.58942073248275,127.66397580801531,0.7583930689539833,-0.013519413857773794,2
254.24688103415235,-126.22574590801135,128.0061983537168,0.7516417953431169,-0.013519413857773794,2
254.7462572409828,-125.85976895111195,128.34595785065451,0.7448905217322506,-0.013519413857773794,2
255.2456334478133,-125.4915065428394,128.6832388127529,0.7381392481213842,-0.013519413857773794,2
255.74500965464375,-125.12097546841835,129.0180258669069,0.7313879745105178,-0.013519413857773794,2
256.2443858614742,-124.74819261647812,129.35030375368245,0.7246367008996515,-0.013519413857773794,2
256.7437620683047,-124.373174978283,129.68005732801225,0.7178854272887851,-0.013519413857773794,2
257.24313827513515,-123.99593964695784,130.0072715598859,0.7111341536779192,-0.013519413857773794,2
257.7425144819656,-123.61650381670873,130.33193153503512,0.7043828800670529,-0.013519413857773794,2
258.24189068879605,-123.23488478203956,130.6540224556133,0.6976316064561865,-0.013519413857773794,2
258.74126689562655,-122.8510999369636,130.97352964087017,0.6908803328453201,-0.013519413857773794,2
259.240643102457,-122.46516677421081,131.2904385278208,0.6841290592344542,-0.013519413857773794,2
259.74001930928745,-122.07710288443023,131.60473467190968,0.6773777856235874,-0.013519413857773794,2
260.23939551611795,-121.68692595538866,131.9164037476686,0.670626512012721,-0.013519413857773794,2
260.7387717229484,-121.29465377116409,132.22543154937,0.6638752384018547,-0.013519413857773794,2
261.23814792977885,-120.90030421133528,132.5318039916743,0.6571239647909888,-0.013519413857773794,2
261.73752413660935,-120.50389525016672,132.83550711027206,0.650372691180122,-0.013519413857773794,2
262.2369003434398,-120.10544495578951,133.13652706252017,0.6436214175692556,-0.013519413857773794,2
262.73627655027025,-119.70497148937773,133.43485012807295,0.6368701439583897,-0.013519413857773794,2
263.23565275710075,-119.30249310432058,133.7304627095077,0.6301188703475233,-0.013519413857773794,2
263.7350289639312,-118.8980281453906,134.02335133294415,0.623367596736657,-0.013519413857773794,2
264.23440517076165,-118.49159504790738,134.31350264865875,0.6166163231257906,-0.013519413857773794,2
264.73378137759215,-118.08321233689733,134.60090343169318,0.6098650495149243,-0.013519413857773794,2
265.2331575844226,-117.67289862624932,134.88554058245705,0.6031137759040579,-0.013519413857773794,2
265.73253379125305,-117.26067261786623,135.167401127325,0.5963625022931915,-0.013519413857773794,2
266.23190999808355,-116.8465531008126,135.4464722192281,0.5896112286823252,-0.013519413857773794,2
266.731286204914,-116.43055895045818,135.72274113823926,0.5828599550714593,-0.013519413857773794,2
267.23066241174445,-116.01270912761754,135.99619529215317,0.5761086814605929,-0.013519413857773794,2
267.73003861857495,-115.59302267768601,136.26682221706017,0.5693574078497261,-0.013519413857773794,2
268.2294148254054,-115.1715187297715,136.5346095779142,0.5626061342388602,-0.013519413857773794,2
268.7287910322359,-114.7482164958225,136.79954516909544,0.5558548606279934,-0.013519413857773794,2
269.2281672390663,-114.32313526975275,137.06161691496607,0.5491035870171279,-0.013519413857773794,2
269.7275434458968,-113.89629442656125,137.32081287042126,0.5423523134062611,-0.013519413857773794,2
270.22691965272725,-113.46771342144984,137.5771212214331,0.5356010397953948,-0.013519413857773794,2
270.72629585955775,-113.03741178893594,137.83053028558945,0.5288497661845284,-0.013519413857773794,2
271.2256720663882,-112.60540914196241,138.08102851262618,0.5220984925736625,-0.013519413857773794,2
271.72504827321865,-112.1717251710034,138.32860448495384,0.5153472189627957,-0.013519413857773794,2
272.22442448004915,-111.73637964316725,138.5732469181779,0.5085959453519293,-0.013519413857773794,2
272.7238006868796,-111.29939240129508,138.81494466161303,0.5018446717410634,-0.013519413857773794,2
273.22317689371005,-110.86078336305656,139.05368669879167,0.49509339813019704,-0.013519413857773794,2
273.7225531005405,-110.42057252004213,139.28946214796576,0.4883421245193307,-0.013519413857773794,2
274.221929307371,-109.97877993685168,139.52226026260303,0.4815908509084639,-0.013519413857773794,2
274.72130551420145,-109.5354257501802,139.75207043187655,0.4748395772975984,-0.013519413857773794,2
275.22068172103195,-109.09053016789952,139.97888218114866,0.4680883036867316,-0.013519413857773794,2
275.7200579278624,-108.64411346813785,140.20268517244818,0.46133703007586524,-0.013519413857773794,2
276.21943413469285,-108.19619599835505,140.4234692049417,0.4545857564649989,-0.013519413857773794,2
276.71881034152335,-107.7467981744154,140.64122421539847,0.4478344828541325,-0.013519413857773794,2
277.2181865483538,-107.29594047965705,140.85594027864914,0.4410832092432666,-0.013519413857773794,2
277.71756275518425,-106.84364346395822,141.06760760803823,0.4343319356323998,-0.013519413857773794,2
278.2169389620147,-106.38992774280095,141.27621655586984,0.4275806620215339,-0.013519413857773794,2
278.7163151688452,-105.93481399633092,141.4817576138479,0.4208293884106675,-0.013519413857773794,2
279.21569137567565,-105.47832296841533,141.6842214135091,0.4140781147998016,-0.013519413857773794,2
279.71506758250615,-105.02047546569703,141.88359872665032,0.40732684118893436,-0.013519413857773794,2
280.21444378933654,-104.56129235664666,142.07988046574872,0.4005755675780689,-0.013519413857773794,2
280.71381999616705,-104.10079457061074,142.2730576843765,0.3938242939672021,-0.013519413857773794,2
281.21319620299755,-103.63900309685849,142.46312157760832,0.38707302035633573,-0.013519413857773794,2
281.712572409828,-103.17593898362459,142.6500634824227,0.38032174674546937,-0.013519413857773794,2
282.21194861665845,-102.71162333715012,142.83387487809696,0.373570473134603,-0.013519413857773794,2
282.7113248234889,-102.24607732072045,143.0145473865955,0.3668191995237371,-0.013519413857773794,2
283.2107010303194,-101.7793221537005,143.19207277295166,0.36006792591287073,-0.013519413857773794,2
283.71007723714985,-101.31137911056786,143.36644294564317,0.3533166523020044,-0.013519413857773794,2
284.20945344398035,-100.8422695199428,143.5376499569609,0.34656537869113757,-0.013519413857773794,2
284.70882965081074,-100.3720147636165,143.70568600337103,0.3398141050802721,-0.013519413857773794,2
285.20820585764125,-99.90063627557586,143.87054342587086,0.3330628314694053,-0.013519413857773794,2
285.7075820644717,-99.42815554102734,144.0322147103378,0.32631155785853894,-0.013519413857773794,2
286.2069582713022,-98.95459409541701,144.19069248787198,0.3195602842476726,-0.013519413857773794,2
286.70633447813265,-98.47997352344933,144.34596953513204,0.3128090106368062,-0.013519413857773794,2
287.2057106849631,-98.00431545810325,144.49803877466428,0.3060577370259403,-0.013519413857773794,2
287.7050868917936,-97.52764157964606,144.64689327522547,0.2993064634150735,-0.013519413857773794,2
288.20446309862405,-97.0499736146455,144.79252625209855,0.2925551898042076,-0.013519413857773794,2
288.7038393054545,-96.57133333497913,144.93493106740206,0.2858039161933412,-0.013519413857773794,2
289.20321551228494,-96.09174255684225,145.0741012303925,0.27905264258247486,-0.013519413857773794,2
289.70259171911545,-95.61122313975338,145.2100303977604,0.27230136897160806,-0.013519413857773794,2
290.2019679259459,-95.1297969855581,145.34271237391914,0.2655500953607426,-0.013519413857773794,2
290.7013441327764,-94.64748603743031,145.47214111128773,0.2587988217498758,-0.013519413857773794,2
291.20072033960685,-94.16431227887274,145.59831071056615,0.2520475481390094,-0.013519413857773794,2
291.7000965464373,-93.68029773271444,145.72121542100433,0.24529627452814307,-0.013519413857773794,2
292.1994727532678,-93.19546446010716,145.84084964066423,0.2385450009172767,-0.013519413857773794,2
292.69884896009825,-92.70983455951989,145.95720791667537,0.2317937273064108,-0.013519413857773794,2
293.1982251669287,-92.2234301657314,146.07028494548305,0.22504245369554443,-0.013519413857773794,2
293.69760137375914,-91.73627344882162,146.18007557309036,0.21829118008467807,-0.013519413857773794,2
294.19697758058965,-91.24838661316097,146.28657479529295,0.2115399064738117,-0.013519413857773794,2
294.6963537874201,-90.75979189639835,146.3897777579071,0.2047886328629458,-0.013519413857773794,2
295.1957299942506,-90.27051156844742,146.48967975699114,0.198037359252079,-0.013519413857773794,2
295.69510620108105,-89.78056793047185,146.58627623905966,0.1912860856412122,-0.013519413857773794,2
296.1944824079115,-89.28998331386863,146.67956280129113,0.18453481203034627,-0.013519413857773794,2
296.693858614742,-88.79878007925014,146.76953519172864,0.17778353841947991,-0.013519413857773794,2
297.19323482157245,-88.30698061542513,146.85618930947362,0.17103226480861355,-0.013519413857773794,2
297.6926110284029,-87.81460733837822,146.93952120487276,0.1642809911977472,-0.013519413857773794,2
298.19198723523334,-87.3216826902482,147.0195270796981,0.15752971758688128,-0.013519413857773794,2
298.69136344206385,-86.82822913830492,147.0962032873201,0.15077844397601492,-0.013519413857773794,2
299.1907396488943,-86.33426917392559,147.16954633287384,0.14402717036514856,-0.013519413857773794,2
299.69011585572474,-85.8398253115694,147.23955287341832,0.1372758967542822,-0.013519413857773794,2
300.18949206255525,-85.34492008775132,147.30621971808887,0.1305246231434154,-0.013519413857773794,2
300.6888682693857,-84.84957606001511,147.3695438282426,0.12377334953254948,-0.013519413857773794,2
301.1882444762162,-84.35381580590482,147.4295223175968,0.11702207592168312,-0.013519413857773794,2
301.68762068304665,-83.85766192193597,147.48615245236056,0.11027080231081676,-0.013519413857773794,2
302.1869968898771,-83.3611370225656,147.53943165135942,0.1035195286999504,-0.013519413857773794,2
302.68637309670754,-82.86426373916142,147.58935748615295,0.09676825508908449,-0.013519413857773794,2
303.18574930353805,-82.36706471897018,147.63592768114543,0.09001698147821768,-0.013519413857773794,2
303.6851255103685,-81.86956262408586,147.6791401136896,0.08326570786735177,-0.013519413857773794,2
304.18450171719894,-81.37178013041611,147.7189928141835,0.07651443425648541,-0.013519413857773794,2
304.6838779240294,-80.87373992664928,147.75548396616006,0.06976316064561949,-0.013519413857773794,2
305.1832541308599,-80.37546471321976,147.78861190636994,0.06301188703475225,-0.013519413857773794,2
305.6826303376904,-79.87697720127389,147.8183751248575,0.056260613423885886,-0.013519413857773794,2
306.18200654452085,-79.37830011163427,147.8447722650295,0.04950933981301997,-0.013519413857773794,2
306.6813827513513,-78.87945617376437,147.86780212371684,0.04275806620215361,-0.013519413857773794,2
307.18075895818174,-78.38046812473254,147.88746365122958,0.03600679259128725,-0.013519413857773794,2
307.68013516501225,-77.88135870817568,147.9037559514047,0.02925551898042089,-0.013519413857773794,2
308.1795113718427,-77.38215067326259,147.91667828164697,0.022504245369554976,-0.013519413857773794,2
308.67888757867314,-76.88286677365691,147.9262300529627,0.015752971758688616,-0.013519413857773794,2
309.1782637855036,-76.3835297664803,147.9324108299867,0.009001698147822257,-0.013519413857773794,2
309.6776399923341,-75.88416241127497,147.93522033100217,0.0022504245369558973,-0.013519413857773794,2
310.1770161991646,-75.38478746896637,147.9346584279534,-0.004500849073910906,-0.013519413857773794,2
310.67639240599505,-74.88542770082589,147.93072514645158,-0.011252122684776822,-0.013519413857773794,2
311.1757686128255,-74.38610586743305,147.92342066577388,-0.018003396295643626,-0.013519413857773794,2
311.67514481965594,-73.8868447276386,147.91274531885503,-0.02475466990650954,-0.013519413857773794,2
312.17452102648645,-73.38766703752668,147.89869959227218,-0.0315059435173759,-0.013519413857773794,2
312.6738972333169,-72.88859554937795,147.8812841262229,-0.038257217128241816,-0.013519413857773794,2
313.17327344014734,-72.38965301063236,147.8604997144958,-0.04500849073910862,-0.013519413857773794,2
313.6726496469778,-71.89086216285253,147.83634730443444,-0.051759764349974535,-0.013519413857773794,2
314.1720258538083,-71.39224574068693,147.8088279968941,-0.058511037960840895,-0.013519413857773794,2
314.6714020606388,-70.89382647083386,147.77794304619172,-0.0652623115717077,-0.013519413857773794,2
315.1707782674692,-70.39562707100562,147.74369386004855,-0.07201358518257361,-0.013519413857773794,2
315.6701544742997,-69.89767024889271,147.70608199952616,-0.07876485879344042,-0.013519413857773794,2
316.16953068113014,-69.39997870112929,147.66510917895516,-0.08551613240430633,-0.013519413857773794,2
316.66890688796065,-68.90257511225825,147.62077726585716,-0.09226740601517269,-0.013519413857773794,2
317.1682830947911,-68.40548215369756,147.5730882808596,-0.09901867962603905,-0.013519413857773794,2
317.66765930162154,-67.90872248270678,147.52204439760357,-0.10576995323690541,-0.013519413857773794,2
318.167035508452,-67.41231874135443,147.4676479426449,-0.11252122684777133,-0.013519413857773794,2
318.6664117152825,-66.91629355548578,147.40990139534807,-0.11927250045863769,-0.013519413857773794,2
319.165787922113,-66.42066953369186,147.34880738777306,-0.1260237740695045,-0.013519413857773794,2
319.6651641289434,-65.9254692662789,147.2843687045556,-0.1327750476803704,-0.013519413857773794,2
320.1645403357739,-65.43071532423832,147.21658828278,-0.1395263212912372,-0.013519413857773794,2
320.66391654260434,-64.9364302582186,147.1454692118456,-0.14627759490210313,-0.013519413857773794,2
321.16329274943485,-64.44263659749677,147.07101473332563,-0.15302886851296993,-0.013519413857773794,2
321.6626689562653,-63.94935684895209,146.99322824081963,-0.15978014212383584,-0.013519413857773794,2
322.16204516309574,-63.45661349603974,146.91211327979877,-0.1665314157347022,-0.013519413857773794,2
322.6614213699262,-62.96442899776639,146.82767354744428,-0.17328268934556812,-0.013519413857773794,2
323.1607975767567,-62.47282578766624,146.73991289247874,-0.18003396295643492,-0.013519413857773794,2
323.66017378358714,-61.98182627277886,146.64883531499092,-0.18678523656730084,-0.013519413857773794,2
324.1595499904176,-61.49145283262747,146.5544449662533,-0.1935365101781672,-0.013519413857773794,2
324.6589261972481,-61.0017278181992,146.45674614853283,-0.200287783789034,-0.013519413857773794,2
325.15830240407854,-60.512673550926316,146.35574331489502,-0.20703905739989992,-0.013519413857773794,2
325.65767861090904,-60.02431232166855,146.25144106900066,-0.21379033101076672,-0.013519413857773794,2
326.1570548177395,-59.53666638969756,146.1438441648964,-0.22054160462163264,-0.013519413857773794,2
326.65643102456994,-59.04975798168182,146.0329575067977,-0.227292878232499,-0.013519413857773794,2
327.1558072314004,-58.563609290674,145.91878614886537,-0.23404415184336536,-0.013519413857773794,2
327.6551834382309,-58.078242475099174,145.80133529497547,-0.24079542545423172,-0.013519413857773794,2
328.15455964506134,-57.59367965774493,145.68061029848175,-0.24754669906509763,-0.013519413857773794,2
328.6539358518918,-57.10994292475292,145.55661666197187,-0.254297972675964,-0.013519413857773794,2
329.1533120587223,-56.62705432461233,145.4293600370166,-0.2610492462868308,-0.013519413857773794,2
329.65268826555274,-56.145035867154945,145.29884622391205,-0.2678005198976967,-0.013519413857773794,2
330.15206447238324,-55.663909522551634,145.16508117141547,-0.2745517935085635,-0.013519413857773794,2
330.65144067921364,-55.18369722031146,145.02807097647405,-0.28130306711942943,-0.013519413857773794,2
331.15081688604414,-54.7044208482816,144.88782188394705,-0.28805434073029623,-0.013519413857773794,2
331.6501930928746,-54.226102251650246,144.7443402863211,-0.29480561434116215,-0.013519413857773794,2
332.1495692997051,-53.74876323195042,144.59763272341883,-0.3015568879520285,-0.013519413857773794,2
332.64894550653554,-53.2724255460666,144.44770588210088,-0.30830816156289487,-0.013519413857773794,2
333.148321713366,-52.79711090524296,144.29456659596107,-0.3150594351737612,-0.013519413857773794,2
333.6476979201965,-52.32284097409374,144.13822184501487,-0.3218107087846276,-0.013519413857773794,2
334.14707412702694,-51.84963736961583,143.97867875538137,-0.3285619823954935,-0.013519413857773794,2
334.64645033385744,-51.37752166020337,143.8159445989583,-0.3353132560063603,-0.013519413857773794,2
335.1458265406879,-50.90651536466491,143.65002679309086,-0.34206452961722666,-0.013519413857773794,2
335.64520274751834,-50.436639951242405,143.48093290023334,-0.3488158032280926,-0.013519413857773794,2
336.1445789543488,-49.96791683663267,143.30867062760456,-0.3555670768389585,-0.013519413857773794,2
336.6439551611793,-49.50036738501126,143.13324782683662,-0.3623183504498253,-0.013519413857773794,2
337.14333136800974,-49.0340129070589,142.95467249361695,-0.36906962406069166,-0.013519413857773794,2
337.6427075748402,-48.5688746589899,142.772952767324,-0.3758208976715576,-0.013519413857773794,2
338.1420837816707,-48.104973841583295,142.58809693065598,-0.3825721712824244,-0.013519413857773794,2
338.64145998850114,-47.64233159921679,142.40011340925366,-0.38932344489329074,-0.013519413857773794,2
339.14083619533164,-47.18096901890271,142.20901077131614,-0.39607471850415754,-0.013519413857773794,2
339.6402124021621,-46.72090712932713,142.01479772721032,-0.40282599211502346,-0.013519413857773794,2
340.13958860899254,-46.26216689989113,141.81748312907405,-0.4095772657258894,-0.013519413857773794,2
340.638964815823,-45.80476923975516,141.61707597041234,-0.41632853933675573,-0.013519413857773794,2
341.1383410226535,-45.348734996886044,141.41358538568775,-0.42307981294762254,-0.013519413857773794,2
341.63771722948394,-44.8940849571068,141.207020649904,-0.42983108655848845,-0.013519413857773794,2
342.1370934363144,-44.440839843148964,140.99739117818297,-0.43658236016935437,-0.013519413857773794,2
342.6364696431449,-43.989020313708224,140.78470652533585,-0.44333363378022117,-0.013519413857773794,2
343.13584584997534,-43.538646962502966,140.5689763854275,-0.45008490739108753,-0.013519413857773794,2
343.63522205680584,-43.089740317335306,140.35021059133467,-0.45683618100195433,-0.013519413857773794,2
344.1345982636363,-42.64232083915576,140.12841911429774,-0.46358745461282025,-0.013519413857773794,2
344.63397447046674,-42.196408921130285,139.90361206346623,-0.4703387282236866,-0.013519413857773794,2
345.1333506772972,-41.75202488771114,139.6757996854381,-0.4770900018345525,-0.013519413857773794,2
345.6327268841277,-41.30918899371016,139.44499236379275,-0.4838412754454193,-0.013519413857773794,2
346.13210309095814,-40.86792142337595,139.21120061861762,-0.49059254905628524,-0.013519413857773794,2
346.6314792977886,-40.42824228947346,138.97443510602875,-0.4973438226671516,-0.013519413857773794,2
347.13085550461903,-39.990171632367606,138.7347066176851,-0.5040950962780175,-0.013519413857773794,2
347.63023171144954,-39.553729419109565,138.49202608029657,-0.5108463698888843,-0.013519413857773794,2
348.12960791828004,-39.11893554252697,138.2464045551262,-0.5175976434997511,-0.013519413857773794,2
348.62898412511043,-38.685809820317054,137.99785323748574,-0.5243489171106166,-0.013519413857773794,2
349.12836033194094,-38.254371994143156,137.74638345622546,-0.5311001907214834,-0.013519413857773794,2
349.6277365387714,-37.82464172873541,137.4920066732179,-0.5378514643323493,-0.013519413857773794,2
350.1271127456019,-37.39663861099388,137.23473448283525,-0.5446027379432161,-0.013519413857773794,2
350.62648895243234,-36.970382149096295,136.9745786114211,-0.5513540115540825,-0.013519413857773794,2
351.1258651592628,-36.545891771608524,136.7115509167557,-0.5581052851649484,-0.013519413857773794,2
351.62524136609323,-36.12318682659916,136.4456633875158,-0.5648565587758143,-0.013519413857773794,2
352.12461757292374,-35.702286580757566,136.17692814272783,-0.5716078323866811,-0.013519413857773794,2
352.62399377975424,-35.28321021851594,135.90535743121592,-0.5783591059975479,-0.013519413857773794,2
353.12336998658463,-34.86597684117472,135.63096363104344,-0.5851103796084134,-0.013519413857773794,2
353.62274619341514,-34.45060546603175,135.3537592489486,-0.5918616532192802,-0.013519413857773794,2
354.1221224002456,-34.037115025516016,135.07375691977472,-0.5986129268301461,-0.013519413857773794,2
354.6214986070761,-33.62552436632409,134.79096940589417,-0.6053642004410134,-0.013519413857773794,2
355.12087481390654,-33.21585224856175,134.5054095966268,-0.6121154740518793,-0.013519413857773794,2
355.620251020737,-32.808117344888316,134.21709050765227,-0.6188667476627452,-0.013519413857773794,2
356.11962722756743,-32.40233823966588,133.92602528041687,-0.6256180212736115,-0.013519413857773794,2
356.61900343439794,-31.99853342811219,133.6322271815346,-0.6323692948844784,-0.013519413857773794,2
357.1183796412284,-31.596721315457707,133.3357096021825,-0.6391205684953443,-0.013519413857773794,2
357.61775584805883,-31.19692021610652,133.03648605749012,-0.6458718421062102,-0.013519413857773794,2
358.11713205488934,-30.799148352801666,132.73457018592364,-0.652623115717077,-0.013519413857773794,2
358.6165082617198,-30.40342385579472,132.42997574866433,-0.6593743893279433,-0.013519413857773794,2
359.1158844685503,-30.009764762019145,132.12271662898107,-0.6661256629388101,-0.013519413857773794,2
359.61526067538074,-29.61818901426843,131.81280683159775,-0.6728769365496761,-0.013519413857773794,2
360.1146368822112,-29.228714460378043,131.5002604820549,-0.679628210160542,-0.013519413857773794,2
360.61401308904163,-28.84135885241203,131.18509182606576,-0.6863794837714083,-0.013519413857773794,2
361.11338929587214,-28.456139845853954,130.86731522886708,-0.6931307573822751,-0.013519413857773794,2
361.6127655027026,-28.073074998802177,130.54694517456443,-0.6998820309931411,-0.013519413857773794,2
362.11214170953303,-27.69218177116933,130.22399626547175,-0.7066333046040074,-0.013519413857773794,2
362.61151791636354,-27.313477523886753,129.89848322144604,-0.7133845782148742,-0.013519413857773794,2
363.110894123194,-26.936979518113183,129.57042087921636,-0.7201358518257401,-0.013519413857773794,2
363.6102703300245,-26.562704914447757,129.2398241917075,-0.7268871254366069,-0.013519413857773794,2
364.1096465368549,-26.190670772148216,128.9067082273586,-0.7336383990474724,-0.013519413857773794,2
364.6090227436854,-25.82089404835287,128.57108816943602,-0.7403896726583392,-0.013519413857773794,2
365.10839895051583,-25.45339159730827,128.23297931534182,-0.7471409462692051,-0.013519413857773794,2
365.60777515734634,-25.088180169600427,127.89239707591595,-0.7538922198800719,-0.013519413857773794,2
366.1071513641768,-24.72527641139186,127.54935697473421,-0.7606434934909378,-0.013519413857773794,2
366.60652757100723,-24.36469686366241,127.20387464740047,-0.7673947671018042,-0.013519413857773794,2
367.10590377783774,-24.00645796145558,126.85596584083414,-0.774146040712671,-0.013519413857773794,2
367.6052799846682,-23.650576033129468,126.5056464125525,-0.7808973143235369,-0.013519413857773794,2
368.1046561914987,-23.297067299612245,126.15293232994762,-0.7876485879344037,-0.013519413857773794,2
368.6040323983291,-22.9459478736632,125.797839669559,-0.7943998615452692,-0.013519413857773794,2
369.1034086051596,-22.597233759137893,125.4403846163403,-0.801151135156136,-0.013519413857773794,2
369.60278481199003,-22.25094085025917,125.0805834629222,-0.8079024087670019,-0.013519413857773794,2
370.10216101882054,-21.90708493089228,124.71845260886926,-0.8146536823778687,-0.013519413857773794,2
370.601537225651,-21.56568167382582,124.35400855993288,-0.8214049559887351,-0.013519413857773794,2
371.10091343248143,-21.22674664005715,123.98726792729872,-0.828156229599601,-0.013519413857773794,2
371.60028963931194,-20.890295278083094,123.6182474268295,-0.8349075032104678,-0.013519413857773794,2
372.0996658461424,-20.556342923196098,123.24696387830342,-0.8416587768213337,-0.013519413857773794,2
372.59904205297283,-20.224904796784863,122.87343420464718,-0.8484100504322001,-0.013519413857773794,2
373.0984182598033,-19.895996005640903,122.4976754311649,-0.855161324043066,-0.013519413857773794,2
373.5977944666338,-19.569631541269715,122.11970468476189,-0.8619125976539328,-0.013519413857773794,2
374.09717067346423,-19.24582627920774,121.73953919316425,-0.8686638712647987,-0.013519413857773794,2
374.59654688029474,-18.924594978344032,121.35719628413342,-0.8754151448756655,-0.013519413857773794,2
375.0959230871252,-18.60595228024792,120.97269338467656,-0.8821664184865314,-0.013519413857773794,2
375.59529929395563,-18.28991270850124,120.58604802025211,-0.8889176920973982,-0.013519413857773794,2
376.09467550078614,-17.976490668036746,120.19727781397104,-0.895668965708265,-0.013519413857773794,2
376.5940517076166,-17.665700444481338,119.80640048579369,-0.902420239319131,-0.013519413857773794,2
377.09342791444703,-17.35755620350487,119.41343385172188,-0.9091715129299969,-0.013519413857773794,2
377.5928041212775,-17.05207199017464,119.01839582298705,-0.9159227865408628,-0.013519413857773794,2
378.092180328108,-16.749261728315105,118.62130440523377,-0.9226740601517296,-0.013519413857773794,2
378.59155653493843,-16.449139219873402,118.22217769769925,-0.9294253337625955,-0.013519413857773794,2
379.09093274176894,-16.151718144290008,117.82103389238802,-0.9361766073734623,-0.013519413857773794,2
379.59030894859933,-15.85701205787553,117.4178912732432,-0.9429278809843282,-0.013519413857773794,2
380.08968515542983,-15.565034393192512,117.01276821531265,-0.949679154595195,-0.013519413857773794,2
380.58906136226034,-15.275798458443447,116.60568318391184,-0.9564304282060618,-0.013519413857773794,2
381.0884375690908,-14.989317436864113,116.19665473378208,-0.9631817018169277,-0.013519413857773794,2
381.58781377592123,-14.705604386122552,115.78570150824467,-0.9699329754277937,-0.013519413857773794,2
382.0871899827517,-14.424672237724067,115.37284223835128,-0.9766842490386596,-0.013519413857773794,2
382.5865661895822,-14.146533796421743,114.95809574203014,-0.9834355226495264,-0.013519413857773794,2
383.08594239641263,-13.87120173963288,114.54148092322845,-0.9901867962603932,-0.013519413857773794,2
383.5853186032431,-13.598688616861125,114.12301677105066,-0.9969380698712591,-0.013519413857773794,2
384.08469481007353,-13.329006849124369,113.70272235889287,-1.003689343482125,-0.013519413857773794,2
384.58407101690403,-13.062168728388734,113.2806168435735,-1.0104406170929918,-0.013519413857773794,2
385.0834472237345,-12.798186417008324,112.85671946446041,-1.0171918907038577,-0.013519413857773794,2
385.582823430565,-12.537071947170716,112.43104954259351,-1.0239431643147245,-0.013519413857773794,2
386.08219963739543,-12.278837220348763,112.00362647980455,-1.0306944379255905,-0.013519413857773794,2
386.5815758442259,-12.023494006757907,111.57446975783253,-1.0374457115364564,-0.013519413857773794,2
387.0809520510564,-11.771053944819762,111.14359893743564,-1.044196985147324,-0.013519413857773794,2
387.58032825788683,-11.521528540631877,110.71103365750027,-1.05094825875819,-0.013519413857773794,2
388.0797044647173,-11.274929167442906,110.27679363414511,-1.057699532369056,-0.013519413857773794,2
388.57908067154773,-11.031267065134458,109.84089865982295,-1.0644508059799218,-0.013519413857773794,2
389.07845687837823,-10.790553339708708,109.40336860241842,-1.0712020795907886,-0.013519413857773794,2
389.5778330852087,-10.552798962782333,108.96422340434262,-1.0779533532016545,-0.013519413857773794,2
390.0772092920392,-10.318014771086169,108.52348308162375,-1.0847046268125213,-0.013519413857773794,2
390.57658549886963,-10.086211465971573,108.08116772299527,-1.0914559004233872,-0.013519413857773794,2
391.0759617057001,-9.857399612922393,107.6372974889798,-1.098207174034254,-0.013519413857773794,2
391.5753379125306,-9.631589641073589,107.1918926109706,-1.1049584476451209,-0.013519413857773794,2
392.07471411936103,-9.408791842735837,106.74497339030926,-1.1117097212559868,-0.013519413857773794,2
392.5740903261915,-9.189016372926304,106.2965601973603,-1.1184609948668527,-0.013519413857773794,2
393.07346653302193,-8.972273248905907,105.8466734705828,-1.1252122684777186,-0.013519413857773794,2
393.57284273985243,-8.75857234972267,105.39533371559878,-1.1319635420885854,-0.013519413857773794,2
394.0722189466829,-8.547923415761531,104.94256150425876,-1.1387148156994513,-0.013519413857773794,2
394.5715951535134,-8.340336048300202,104.48837747370372,-1.1454660893103181,-0.013519413857773794,2
395.07097136034383,-8.13581970907174,104.03280232542481,-1.152217362921185,-0.013519413857773794,2
395.5703475671743,-7.934383719833221,103.57585682431973,-1.1589686365320508,-0.013519413857773794,2
396.0697237740048,-7.736037261940709,103.11756179774596,-1.1657199101429176,-0.013519413857773794,2
396.56909998083523,-7.540789375931098,102.65793813457198,-1.1724711837537836,-0.013519413857773794,2
397.0684761876657,-7.348648961109674,102.19700678422474,-1.1792224573646495,-0.013519413857773794,2
397.56785239449613,-7.159624775144792,101.73478875573493,-1.1859737309755154,-0.013519413857773794,2
398.06722860132663,-6.973725433668477,101.27130511677944,-1.1927250045863822,-0.013519413857773794,2
398.5666048081571,-6.790959409883982,100.8065769927212,-1.1994762781972481,-0.013519413857773794,2
399.0659810149875,-6.6113350341792625,100.34062556564596,-1.206227551808115,-0.013519413857773794,2
399.56535722181803,-6.434860493747621,99.87347207339722,-1.2129788254189817,-0.013519413857773794,2
400.0647334286485,-6.261543832214301,99.40513780860803,-1.2197300990298476,-0.013519413857773794,2
400.564109635479,-6.09139294926986,98.9356441177303,-1.2264813726407144,-0.013519413857773794,2
401.06348584230943,-5.92441560031034,98.4650124000623,-1.2332326462515804,-0.013519413857773794,2
401.5628620491399,-5.760619396083484,97.99326410677281,-1.2399839198624463,-0.013519413857773794,2
402.0622382559703,-5.600011802342024,97.52042073992362,-1.2467351934733122,-0.013519413857773794,2
402.56161446280083,-5.442600139503341,97.04650385148946,-1.253486467084179,-0.013519413857773794,2
403.0609906696313,-5.288391582315853,96.57153504237576,-1.2602377406950458,-0.013519413857773794,2
403.5603668764617,-5.137393159531911,96.09553596143394,-1.2669890143059117,-0.013519413857773794,2
404.0597430832922,-4.989611753587496,95.61852830447465,-1.2737402879167776,-0.013519413857773794,2
404.5591192901227,-4.845054100288451,95.14053381327898,-1.2804915615276444,-0.013519413857773794,2
405.0584954969532,-4.703726788503587,94.66157427460747,-1.2872428351385112,-0.013519413857773794,2
405.55787170378363,-4.565636259864235,94.18167151920717,-1.2939941087493771,-0.013519413857773794,2
406.0572479106141,-4.430788808470751,93.70084742081634,-1.300745382360243,-0.013519413857773794,2
406.5566241174445,-4.299190580605483,93.21912389516757,-1.3074966559711099,-0.013519413857773794,2
407.05600032427503,-4.1708475744528215,92.7365228989891,-1.3142479295819767,-0.013519413857773794,2
407.5553765311055,-4.045765639825689,92.25306642900382,-1.3209992031928426,-0.013519413857773794,2
408.0547527379359,-3.9239504778988845,91.76877652092661,-1.3277504768037085,-0.013519413857773794,2
408.5541289447664,-3.805407640949298,91.2836752484601,-1.3345017504145744,-0.013519413857773794,2
409.0535051515969,-3.690142532102783,90.79778472228845,-1.3412530240254412,-0.013519413857773794,2
409.5528813584274,-3.5781604050879423,90.3111270890698,-1.348004297636308,-0.013519413857773794,2
410.05225756525783,-3.469466363996659,89.8237245304266,-1.354755571247174,-0.013519413857773794,2
410.5516337720883,-3.3640653630513384,89.33559926193452,-1.3615068448580407,-0.013519413857773794,2
411.0510099789187,-3.2619622063792946,88.84677353211018,-1.3682581184689067,-0.013519413857773794,2
411.55038618574923,-3.1631615477936066,88.35726962139671,-1.3750093920797735,-0.013519413857773794,2
412.0497623925797,-3.0676678905810917,87.86710984114859,-1.3817606656906394,-0.013519413857773794,2
412.5491385994101,-2.9754855872970296,87.37631653261441,-1.3885119393015053,-0.013519413857773794,2
413.0485148062406,-2.886618839566765,86.88491206591867,-1.3952632129123712,-0.013519413857773794,2
413.5478910130711,-2.801071697894187,86.39291883904211,-1.402014486523238,-0.013519413857773794,2
414.0472672199016,-2.718848061477132,85.90035927680104,-1.4087657601341048,-0.013519413857773794,2
414.546643426732,-2.6399516780297176,85.40725582982505,-1.4155170337449707,-0.013519413857773794,2
415.0460196335625,-2.564386143611358,84.91363097353353,-1.4222683073558375,-0.013519413857773794,2
415.5453958403929,-2.4921549024630423,84.41950720711174,-1.4290195809667035,-0.013519413857773794,2
416.04477204722343,-2.4232612468502026,83.92490705248474,-1.4357708545775703,-0.013519413857773794,2
416.5441482540539,-2.3577083169127633,83.42985305329142,-1.4425221281884362,-0.013519413857773794,2
417.0435244608843,-2.2954991005219654,82.93436777385647,-1.449273401799302,-0.013519413857773794,2
417.5429006677148,-2.236636433144156,82.4384737981622,-1.456024675410168,-0.013519413857773794,2
418.0422768745453,-2.181122997711597,81.94219372881906,-1.4627759490210348,-0.013519413857773794,2
418.5416530813757,-2.128961324500139,81.44555018603558,-1.4695272226319016,-0.013519413857773794,2
419.0410292882062,-2.0801537910139416,80.94856580658721,-1.4762784962427675,-0.013519413857773794,2
419.5404054950367,-2.0347026218770594,80.4512632427844,-1.4830297698536343,-0.013519413857773794,2
420.0397817018671,-1.992609888732062,79.95366516144057,-1.4897810434645002,-0.013519413857773794,2
420.53915790869763,-1.953877510145631,79.45579424283838,-1.496532317075367,-0.013519413857773794,2
421.0385341155281,-1.9185072515210635,78.95767317969657,-1.503283590686233,-0.013519413857773794,2
421.5379103223585,-1.8865007250178678,78.45932467613518,-1.5100348642970989,-0.013519413857773794,2
422.037286529189,-1.8578593894781932,77.96077144664088,-1.5167861379079648,-0.013519413857773794,2
422.5366627360195,-1.8325845503604654,77.46203621503157,-1.5235374115188325,-0.013519413857773794,2
423.0360389428499,-1.810677359679758,76.96314171342108,-1.5302886851296984,-0.013519413857773794,2
423.5354151496804,-1.7921388159553686,76.46411068118235,-1.5370399587405643,-0.013519413857773794,2
424.0347913565109,-1.7769697641652584,75.9649658639113,-1.5437912323514311,-0.013519413857773794,2
424.5341675633413,-1.7651708957075556,75.4657300123904,-1.550542505962297,-0.013519413857773794,2
425.03354377017183,-1.7567427483690494,74.96642588155109,-1.5572937795731638,-0.013519413857773794,2
425.5329199770022,-1.7516857063006768,74.46707622943731,-1.5640450531840289,-0.013519413857773794,2
426.0322961838327,-1.7499999999999858,73.9677038161674,-1.5707963267948957,0.0,3
426.5320779663744,-1.7499999999999853,73.46792203362573,-1.5707963267948957,0.0,3
427.0318597489161,-1.749999999999985,72.96814025108407,-1.5707963267948957,0.0,3
427.53164153145775,-1.7499999999999845,72.46835846854239,-1.5707963267948957,0.0,3
428.0314233139994,-1.7499999999999838,71.96857668600072,-1.5707963267948957,0.0,3
428.5312050965411,-1.7499999999999833,71.46879490345904,-1.5707963267948957,0.0,3
429.0309868790828,-1.749999999999983,70.96901312091737,-1.5707963267948957,0.0,3
429.53076866162445,-1.7499999999999825,70.4692313383757,-1.5707963267948957,0.0,3
430.0305504441661,-1.749999999999982,69.96944955583403,-1.5707963267948957,0.0,3
430.53033222670774,-1.7499999999999816,69.46966777329236,-1.5707963267948957,0.0,3
431.0301140092494,-1.7499999999999811,68.9698859907507,-1.5707963267948957,0.0,3
431.5298957917911,-1.7499999999999805,68.47010420820902,-1.5707963267948957,0.0,3
432.02967757433277,-1.74999999999998,67.97032242566735,-1.5707963267948957,0.0,3
432.52945935687444,-1.7499999999999796,67.47054064312567,-1.5707963267948957,0.0,3
433.0292411394161,-1.7499999999999791,66.970758860584,-1.5707963267948957,0.0,3
433.5290229219578,-1.7499999999999787,66.47097707804234,-1.5707963267948957,0.0,3
434.02880470449946,-1.7499999999999782,65.97119529550066,-1.5707963267948957,0.0,3
434.52858648704114,-1.7499999999999778,65.47141351295899,-1.5707963267948957,0.0,3
435.0283682695828,-1.7499999999999774,64.97163173041733,-1.5707963267948957,0.0,3
435.5281500521245,-1.7499999999999767,64.47184994787565,-1.5707963267948957,0.0,3
436.02793183466616,-1.7499999999999762,63.97206816533398,-1.5707963267948957,0.0,3
436.52771361720784,-1.7499999999999758,63.472286382792305,-1.5707963267948957,0.0,3
437.0274953997495,-1.7499999999999754,62.97250460025064,-1.5707963267948957,0.0,3
437.5272771822912,-1.749999999999975,62.47272281770897,-1.5707963267948957,0.0,3
438.0270589648328,-1.7499999999999745,61.972941035167295,-1.5707963267948957,0.0,3
438.5268407473745,-1.749999999999974,61.47315925262562,-1.5707963267948957,0.0,3
439.02662252991615,-1.7499999999999734,60.97337747008395,-1.5707963267948957,0.0,3
439.5264043124578,-1.749999999999973,60.473595687542286,-1.5707963267948957,0.0,3
440.0261860949995,-1.7499999999999725,59.97381390500061,-1.5707963267948957,0.0,3
440.5259678775412,-1.749999999999972,59.47403212245894,-1.5707963267948957,0.0,3
441.02574966008285,-1.7499999999999716,58.97425033991727,-1.5707963267948957,0.0,3
441.5255314426245,-1.7499999999999711,58.474468557375594,-1.5707963267948957,0.0,3
442.0253132251662,-1.7499999999999707,57.97468677483393,-1.5707963267948957,0.0,3
442.5250950077079,-1.74999999999997,57.47490499229225,-1.5707963267948957,0.0,3
443.02487679024955,-1.7499999999999696,56.975123209750585,-1.5707963267948957,0.0,3
443.5246585727912,-1.7499999999999691,56.47534142720892,-1.5707963267948957,0.0,3
444.0244403553329,-1.7499999999999687,55.97555964466724,-1.5707963267948957,0.0,3
444.5242221378746,-1.7499999999999682,55.47577786212557,-1.5707963267948957,0.0,3
445.02400392041625,-1.7499999999999678,54.9759960795839,-1.5707963267948957,0.0,3
445.5237857029579,-1.7499999999999674,54.47621429704223,-1.5707963267948957,0.0,3
446.0235674854996,-1.749999999999967,53.97643251450056,-1.5707963267948957,0.0,3
446.5233492680412,-1.7499999999999662,53.476650731958884,-1.5707963267948957,0.0,3
447.0231310505829,-1.7499999999999658,52.97686894941722,-1.5707963267948957,0.0,3
447.52291283312456,-1.7499999999999654,52.47708716687555,-1.5707963267948957,0.0,3
448.02269461566624,-1.749999999999965,51.977305384333874,-1.5707963267948957,0.0,3
448.5224763982079,-1.7499999999999645,51.4775236017922,-1.5707963267948957,0.0,3
449.0222581807496,-1.749999999999964,50.97774181925053,-1.5707963267948957,0.0,3
449.52203996329126,-1.7499999999999636,50.477960036708865,-1.5707963267948957,0.0,3
450.02182174583294,-1.749999999999963,49.97817825416719,-1.5707963267948957,0.0,3
450.5216035283746,-1.7499999999999625,49.478396471625516,-1.5707963267948957,0.0,3
451.0213853109163,-1.749999999999962,48.97861468908385,-1.5707963267948957,0.0,3
451.52116709345796,-1.7499999999999616,48.47883290654218,-1.5707963267948957,0.0,3
452.02094887599964,-1.7499999999999611,47.979051124000506,-1.5707963267948957,0.0,3
452.5207306585413,-1.7499999999999607,47.47926934145883,-1.5707963267948957,0.0,3
453.020512441083,-1.7499999999999603,46.979487558917164,-1.5707963267948957,0.0,3
453.52029422362466,-1.7499999999999596,46.479705776375496,-1.5707963267948957,0.0,3
454.02007600616633,-1.7499999999999591,45.97992399383382,-1.5707963267948957,0.0,3
454.51985778870795,-1.7499999999999587,45.48014221129215,-1.5707963267948957,0.0,3
455.0196395712496,-1.7499999999999583,44.98036042875048,-1.5707963267948957,0.0,3
455.5194213537913,-1.7499999999999578,44.48057864620881,-1.5707963267948957,0.0,3
456.019203136333,-1.7499999999999574,43.98079686366714,-1.5707963267948957,0.0,3
456.51898491887465,-1.749999999999957,43.48101508112547,-1.5707963267948957,0.0,3
457.0187667014163,-1.7499999999999565,42.98123329858379,-1.5707963267948957,0.0,3
457.518548483958,-1.7499999999999558,42.48145151604213,-1.5707963267948957,0.0,3
458.0183302664997,-1.7499999999999554,41.98166973350045,-1.5707963267948957,0.0,3
458.51811204904135,-1.749999999999955,41.481887950958786,-1.5707963267948957,0.0,3
459.017893831583,-1.7499999999999545,40.98210616841711,-1.5707963267948957,0.0,3
459.5176756141247,-1.749999999999954,40.48232438587544,-1.5707963267948957,0.0,3
460.0174573966664,-1.7499999999999536,39.98254260333377,-1.5707963267948957,0.0,3
460.51723917920805,-1.7499999999999531,39.482760820792095,-1.5707963267948957,0.0,3
461.0170209617497,-1.7499999999999525,38.98297903825043,-1.5707963267948957,0.0,3
461.51680274429134,-1.749999999999952,38.48319725570876,-1.5707963267948957,0.0,3
462.01658452683307,-1.7499999999999516,37.983415473167085,-1.5707963267948957,0.0,3
462.5163663093747,-1.7499999999999512,37.48363369062541,-1.5707963267948957,0.0,3
463.01614809191636,-1.7499999999999507,36.98385190808374,-1.5707963267948957,0.0,3
463.51592987445804,-1.7499999999999503,36.48407012554207,-1.5707963267948957,0.0,3
464.0157116569997,-1.7499999999999498,35.9842883430004,-1.5707963267948957,0.0,3
464.5154934395414,-1.7499999999999492,35.48450656045873,-1.5707963267948957,0.0,3
465.01527522208306,-1.7499999999999487,34.98472477791706,-1.5707963267948957,0.0,3
465.51505700462474,-1.7499999999999483,34.484942995375384,-1.5707963267948957,0.0,3
466.0148387871664,-1.7499999999999478,33.98516121283372,-1.5707963267948957,0.0,3
466.5146205697081,-1.7499999999999474,33.48537943029204,-1.5707963267948957,0.0,3
467.01440235224976,-1.749999999999947,32.985597647750375,-1.5707963267948957,0.0,3
467.51418413479144,-1.7499999999999465,32.48581586520871,-1.5707963267948957,0.0,3
468.0139659173331,-1.7499999999999458,31.986034082667032,-1.5707963267948957,0.0,3
468.5137476998748,-1.7499999999999454,31.486252300125358,-1.5707963267948957,0.0,3
469.01352948241646,-1.749999999999945,30.98647051758369,-1.5707963267948957,0.0,3
469.51331126495813,-1.7499999999999445,30.486688735042016,-1.5707963267948957,0.0,3
470.01309304749975,-1.749999999999944,29.986906952500348,-1.5707963267948957,0.0,3
470.5128748300414,-1.7499999999999436,29.48712516995868,-1.5707963267948957,0.0,3
471.0126566125831,-1.7499999999999432,28.987343387417006,-1.5707963267948957,0.0,3
471.5124383951248,-1.7499999999999427,28.48756160487533,-1.5707963267948957,0.0,3
472.01222017766645,-1.749999999999942,27.987779822333664,-1.5707963267948957,0.0,3
472.5120019602081,-1.7499999999999416,27.48799803979199,-1.5707963267948957,0.0,3
473.0117837427498,-1.7499999999999412,26.988216257250322,-1.5707963267948957,0.0,3
473.5115655252915,-1.7499999999999407,26.488434474708654,-1.5707963267948957,0.0,3
474.01134730783315,-1.7499999999999403,25.98865269216698,-1.5707963267948957,0.0,3
474.5111290903748,-1.7499999999999398,25.488870909625305,-1.5707963267948957,0.0,3
475.0109108729165,-1.7499999999999394,24.989089127083638,-1.5707963267948957,0.0,3
475.5106926554582,-1.7499999999999387,24.48930734454197,-1.5707963267948957,0.0,3
476.01047443799985,-1.7499999999999383,23.989525562000296,-1.5707963267948957,0.0,3
476.5102562205415,-1.7499999999999378,23.489743779458628,-1.5707963267948957,0.0,3
477.0100380030832,-1.7499999999999374,22.989961996916954,-1.5707963267948957,0.0,3
477.50981978562487,-1.749999999999937,22.49018021437528,-1.5707963267948957,0.0,3
478.00960156816654,-1.7499999999999365,21.99039843183361,-1.5707963267948957,0.0,3
478.50938335070816,-1.749999999999936,21.490616649291944,-1.5707963267948957,0.0,3
479.00916513324984,-1.7499999999999354,20.99083486675027,-1.5707963267948957,0.0,3
479.5089469157915,-1.749999999999935,20.491053084208602,-1.5707963267948957,0.0,3
480.0087286983332,-1.7499999999999345,19.991271301666927,-1.5707963267948957,0.0,3
480.50851048087486,-1.749999999999934,19.491489519125253,-1.5707963267948957,0.0,3
481.00829226341654,-1.7499999999999336,18.991707736583585,-1.5707963267948957,0.0,3
481.5080740459582,-1.7499999999999332,18.491925954041918,-1.5707963267948957,0.0,3
482.0078558284999,-1.7499999999999327,17.992144171500236,-1.5707963267948957,0.0,3
482.50763761104156,-1.7499999999999323,17.492362388958576,-1.5707963267948957,0.0,3
483.00741939358323,-1.7499999999999316,16.9925806064169,-1.5707963267948957,0.0,3
483.5072011761249,-1.7499999999999312,16.492798823875233,-1.5707963267948957,0.0,3
484.0069829586666,-1.7499999999999307,15.993017041333559,-1.5707963267948957,0.0,3
484.50676474120826,-1.7499999999999303,15.493235258791884,-1.5707963267948957,0.0,3
485.00654652374993,-1.7499999999999298,14.993453476250217,-1.5707963267948957,0.0,3
485.5063283062916,-1.7499999999999294,14.493671693708542,-1.5707963267948957,0.0,3
486.0061100888332,-1.749999999999929,13.993889911166882,-1.5707963267948957,0.0,3
486.50589187137496,-1.7499999999999283,13.4941081286252,-1.5707963267948957,0.0,3
487.0056736539166,-1.7499999999999278,12.99432634608354,-1.5707963267948957,0.0,3
487.50545543645825,-1.7499999999999274,12.494544563541865,-1.5707963267948957,0.0,3
488.0052372189999,-1.749999999999927,11.994762781000183,-1.5707963267948957,0.0,3
488.5050190015416,-1.7499999999999265,11.494980998458523,-1.5707963267948957,0.0,3
489.0048007840833,-1.749999999999926,10.995199215916848,-1.5707963267948957,0.0,3
489.50458256662495,-1.7499999999999256,10.49541743337518,-1.5707963267948957,0.0,3
490.0043643491666,-1.749999999999925,9.995635650833506,-1.5707963267948957,0.0,3
490.5041461317083,-1.7499999999999245,9.495853868291832,-1.5707963267948957,0.0,3
491.00392791424997,-1.749999999999924,8.996072085750171,-1.5707963267948957,0.0,3
491.50370969679165,-1.7499999999999236,8.496290303208497,-1.5707963267948957,0.0,3
492.0034914793333,-1.7499999999999232,7.996508520666822,-1.5707963267948957,0.0,3
492.503273261875,-1.7499999999999227,7.4967267381251474,-1.5707963267948957,0.0,3
493.00305504441667,-1.7499999999999223,6.996944955583473,-1.5707963267948957,0.0,3
493.5028368269583,-1.7499999999999218,6.4971631730418125,-1.5707963267948957,0.0,3
494.0026186095,-1.7499999999999212,5.997381390500138,-1.5707963267948957,0.0,3
494.50240039204164,-1.7499999999999207,5.497599607958463,-1.5707963267948957,0.0,3
495.00218217458337,-1.7499999999999203,4.997817825416789,-1.5707963267948957,0.0,3
495.501963957125,-1.7499999999999198,4.498036042875128,-1.5707963267948957,0.0,3
496.00174573966666,-1.7499999999999194,3.9982542603334537,-1.5707963267948957,0.0,3
496.50152752220833,-1.749999999999919,3.498472477791779,-1.5707963267948957,0.0,3
497.00130930475,-1.7499999999999185,2.9986906952501187,-1.5707963267948957,0.0,3
497.5010910872917,-1.7499999999999178,2.498908912708444,-1.5707963267948957,0.0,3
498.00087286983336,-1.7499999999999174,1.9991271301667695,-1.5707963267948957,0.0,3
498.50065465237503,-1.749999999999917,1.4993453476250949,-1.5707963267948957,0.0,3
499.0004364349167,-1.7499999999999165,0.9995635650834203,-1.5707963267948957,0.0,3
499.5002182174584,-1.749999999999916,0.49978178254175987,-1.5707963267948957,0.0,3
500.00000000000006,-1.7499999999999156,8.526512829121202e-14,-1.5707963267948957,0.0,4
500.4973104831498,-1.7499999999999152,-0.49731048314969034,-1.5707963267948957,0.0,4
500.99462096629964,-1.7499999999999147,-0.994620966299466,-1.5707963267948957,0.0,4
501.4919314494494,-1.7499999999999143,-1.4919314494492417,-1.5707963267948957,0.0,4
501.98924193259916,-1.7499999999999136,-1.9892419325990172,-1.5707963267948957,0.0,4
502.4865524157489,-1.7499999999999132,-2.486552415748793,-1.5707963267948957,0.0,4
502.98386289889874,-1.7499999999999127,-2.9838628988985687,-1.5707963267948957,0.0,4
503.4811733820485,-1.7499999999999123,-3.4811733820483437,-1.5707963267948957,0.0,4
503.97848386519826,-1.7499999999999118,-3.9784838651981196,-1.5707963267948957,0.0,4
504.475794348348,-1.7499999999999114,-4.475794348347895,-1.5707963267948957,0.0,4
504.97310483149784,-1.749999999999911,-4.973104831497671,-1.5707963267948957,0.0,4
505.4704153146476,-1.7499999999999105,-5.470415314647447,-1.5707963267948957,0.0,4
505.96772579779736,-1.7499999999999098,-5.967725797797223,-1.5707963267948957,0.0,4
506.4650362809471,-1.7499999999999094,-6.465036280946999,-1.5707963267948957,0.0,4
506.96234676409694,-1.749999999999909,-6.962346764096773,-1.5707963267948957,0.0,4
507.4596572472467,-1.7499999999999085,-7.4596572472465486,-1.5707963267948957,0.0,4
507.95696773039646,-1.749999999999908,-7.956967730396324,-1.5707963267948957,0.0,4
508.4542782135462,-1.7499999999999076,-8.4542782135461,-1.5707963267948957,0.0,4
508.95158869669604,-1.7499999999999072,-8.951588696695875,-1.5707963267948957,0.0,4
509.4488991798458,-1.7499999999999067,-9.448899179845652,-1.5707963267948957,0.0,4
509.94620966299556,-1.749999999999906,-9.946209662995427,-1.5707963267948957,0.0,4
510.4435201461454,-1.7499999999999056,-10.443520146145204,-1.5707963267948957,0.0,4
510.94083062929514,-1.7499999999999052,-10.940830629294979,-1.5707963267948957,0.0,4
511.4381411124449,-1.7499999999999047,-11.438141112444754,-1.5707963267948957,0.0,4
511.93545159559466,-1.7499999999999043,-11.93545159559453,-1.5707963267948957,0.0,4
512.4327620787444,-1.7499999999999039,-12.432762078744306,-1.5707963267948957,0.0,4
512.9300725618942,-1.7499999999999034,-12.930072561894082,-1.5707963267948957,0.0,4
513.427383045044,-1.749999999999903,-13.427383045043857,-1.5707963267948957,0.0,4
513.9246935281938,-1.7499999999999023,-13.92469352819363,-1.5707963267948957,0.0,4
514.4220040113436,-1.7499999999999019,-14.422004011343407,-1.5707963267948957,0.0,4
514.9193144944933,-1.7499999999999014,-14.919314494493182,-1.5707963267948957,0.0,4
515.4166249776431,-1.749999999999901,-15.41662497764296,-1.5707963267948957,0.0,4
515.9139354607929,-1.7499999999999005,-15.913935460792734,-1.5707963267948957,0.0,4
516.4112459439426,-1.7499999999999,-16.41124594394251,-1.5707963267948957,0.0,4
516.9085564270924,-1.7499999999998996,-16.908556427092286,-1.5707963267948957,0.0,4
517.4058669102423,-1.7499999999998992,-17.405866910242064,-1.5707963267948957,0.0,4
517.903177393392,-1.7499999999998985,-17.903177393391836,-1.5707963267948957,0.0,4
518.4004878765418,-1.749999999999898,-18.40048787654161,-1.5707963267948957,0.0,4
518.8977983596915,-1.7499999999998976,-18.89779835969139,-1.5707963267948957,0.0,4
519.3951088428413,-1.7499999999998972,-19.39510884284116,-1.5707963267948957,0.0,4
519.8924193259911,-1.7499999999998967,-19.89241932599094,-1.5707963267948957,0.0,4
520.3897298091408,-1.7499999999998963,-20.389729809140714,-1.5707963267948957,0.0,4
520.8870402922906,-1.7499999999998959,-20.887040292290493,-1.5707963267948957,0.0,4
521.3843507754405,-1.7499999999998954,-21.384350775440264,-1.5707963267948957,0.0,4
521.8816612585902,-1.7499999999998948,-21.881661258590043,-1.5707963267948957,0.0,4
522.37897174174,-1.7499999999998943,-22.378971741739818,-1.5707963267948957,0.0,4
522.8762822248898,-1.7499999999998939,-22.876282224889593,-1.5707963267948957,0.0,4
523.3735927080395,-1.7499999999998934,-23.373592708039368,-1.5707963267948957,0.0,4
523.8709031911893,-1.749999999999893,-23.870903191189146,-1.5707963267948957,0.0,4
524.368213674339,-1.7499999999998925,-24.368213674338918,-1.5707963267948957,0.0,4
524.8655241574888,-1.749999999999892,-24.865524157488696,-1.5707963267948957,0.0,4
525.3628346406387,-1.7499999999998916,-25.36283464063847,-1.5707963267948957,0.0,4
525.8601451237884,-1.749999999999891,-25.86014512378825,-1.5707963267948957,0.0,4
526.3574556069382,-1.7499999999998905,-26.35745560693802,-1.5707963267948957,0.0,4
526.854766090088,-1.74999999999989,-26.8547660900878,-1.5707963267948957,0.0,4
527.3520765732377,-1.7499999999998896,-27.352076573237575,-1.5707963267948957,0.0,4
527.8493870563875,-1.7499999999998892,-27.849387056387346,-1.5707963267948957,0.0,4
528.3466975395372,-1.7499999999998888,-28.346697539537125,-1.5707963267948957,0.0,4
528.844008022687,-1.7499999999998883,-28.8440080226869,-1.5707963267948957,0.0,4
529.3413185058369,-1.7499999999998879,-29.341318505836675,-1.5707963267948957,0.0,4
529.8386289889866,-1.7499999999998872,-29.83862898898645,-1.5707963267948957,0.0,4
530.3359394721364,-1.7499999999998868,-30.33593947213623,-1.5707963267948957,0.0,4
530.8332499552862,-1.7499999999998863,-30.833249955286004,-1.5707963267948957,0.0,4
531.3305604384359,-1.7499999999998859,-31.33056043843578,-1.5707963267948957,0.0,4
531.8278709215857,-1.7499999999998854,-31.827870921585554,-1.5707963267948957,0.0,4
532.3251814047355,-1.749999999999885,-32.32518140473533,-1.5707963267948957,0.0,4
532.8224918878852,-1.7499999999998845,-32.82249188788511,-1.5707963267948957,0.0,4
533.319802371035,-1.749999999999884,-33.31980237103488,-1.5707963267948957,0.0,4
533.8171128541848,-1.7499999999998834,-33.81711285418466,-1.5707963267948957,0.0,4
534.3144233373346,-1.749999999999883,-34.31442333733443,-1.5707963267948957,0.0,4
534.8117338204844,-1.7499999999998825,-34.811733820484214,-1.5707963267948957,0.0,4
535.3090443036341,-1.749999999999882,-35.30904430363398,-1.5707963267948957,0.0,4
535.8063547867839,-1.7499999999998817,-35.80635478678376,-1.5707963267948957,0.0,4
536.3036652699336,-1.7499999999998812,-36.30366526993353,-1.5707963267948957,0.0,4
536.8009757530834,-1.7499999999998808,-36.80097575308331,-1.5707963267948957,0.0,4
537.2982862362333,-1.7499999999998803,-37.29828623623309,-1.5707963267948957,0.0,4
537.795596719383,-1.7499999999998797,-37.795596719382864,-1.5707963267948957,0.0,4
538.2929072025328,-1.7499999999998792,-38.29290720253264,-1.5707963267948957,0.0,4
538.7902176856826,-1.7499999999998788,-38.79021768568241,-1.5707963267948957,0.0,4
539.2875281688323,-1.7499999999998783,-39.28752816883219,-1.5707963267948957,0.0,4
539.7848386519821,-1.7499999999998779,-39.784838651981964,-1.5707963267948957,0.0,4
540.2821491351319,-1.7499999999998774,-40.28214913513174,-1.5707963267948957,0.0,4
540.7794596182816,-1.749999999999877,-40.779459618281514,-1.5707963267948957,0.0,4
541.2767701014315,-1.7499999999998765,-41.276770101431296,-1.5707963267948957,0.0,4
541.7740805845813,-1.7499999999998759,-41.77408058458107,-1.5707963267948957,0.0,4
542.271391067731,-1.7499999999998754,-42.27139106773084,-1.5707963267948957,0.0,4
542.7687015508808,-1.749999999999875,-42.768701550880614,-1.5707963267948957,0.0,4
543.2660120340305,-1.7499999999998745,-43.266012034030396,-1.5707963267948957,0.0,4
543.7633225171803,-1.749999999999874,-43.76332251718017,-1.5707963267948957,0.0,4
544.2606330003301,-1.7499999999998737,-44.260633000329946,-1.5707963267948957,0.0,4
544.7579434834798,-1.7499999999998732,-44.75794348347972,-1.5707963267948957,0.0,4
545.2552539666297,-1.7499999999998725,-45.255253966629496,-1.5707963267948957,0.0,4
545.7525644497794,-1.749999999999872,-45.75256444977927,-1.5707963267948957,0.0,4
546.2498749329292,-1.7499999999998717,-46.249874932929046,-1.5707963267948957,0.0,4
546.747185416079,-1.7499999999998712,-46.74718541607882,-1.5707963267948957,0.0,4
547.2444958992287,-1.7499999999998708,-47.244495899228596,-1.5707963267948957,0.0,4
547.7418063823785,-1.7499999999998703,-47.74180638237838,-1.5707963267948957,0.0,4
548.2391168655283,-1.7499999999998699,-48.23911686552815,-1.5707963267948957,0.0,4
548.736427348678,-1.7499999999998694,-48.73642734867792,-1.5707963267948957,0.0,4
549.2337378318279,-1.7499999999998688,-49.233737831827696,-1.5707963267948957,0.0,4
549.7310483149777,-1.7499999999998683,-49.73104831497748,-1.5707963267948957,0.0,4
550.2283587981274,-1.7499999999998679,-50.22835879812725,-1.5707963267948957,0.0,4
550.7256692812772,-1.7499999999998674,-50.72566928127703,-1.5707963267948957,0.0,4
551.2229797644269,-1.749999999999867,-51.2229797644268,-1.5707963267948957,0.0,4
551.7202902475767,-1.7499999999998666,-51.720290247576585,-1.5707963267948957,0.0,4
552.2176007307265,-1.749999999999866,-52.21760073072635,-1.5707963267948957,0.0,4
552.7149112138762,-1.7499999999998657,-52.71491121387613,-1.5707963267948957,0.0,4
553.212221697026,-1.749999999999865,-53.2122216970259,-1.5707963267948957,0.0,4
553.7095321801759,-1.7499999999998646,-53.709532180175685,-1.5707963267948957,0.0,4
554.2068426633256,-1.749999999999864,-54.20684266332546,-1.5707963267948957,0.0,4
554.7041531464754,-1.7499999999998637,-54.704153146475235,-1.5707963267948957,0.0,4
555.2014636296251,-1.7499999999998632,-55.20146362962501,-1.5707963267948957,0.0,4
555.6987741127749,-1.7499999999998628,-55.69877411277478,-1.5707963267948957,0.0,4
556.1960845959247,-1.7499999999998623,-56.19608459592456,-1.5707963267948957,0.0,4
556.6933950790744,-1.7499999999998619,-56.693395079074335,-1.5707963267948957,0.0,4
557.1907055622243,-1.7499999999998612,-57.19070556222411,-1.5707963267948957,0.0,4
557.6880160453741,-1.7499999999998608,-57.688016045373885,-1.5707963267948957,0.0,4
558.1853265285238,-1.7499999999998603,-58.18532652852367,-1.5707963267948957,0.0,4
558.6826370116736,-1.74999999999986,-58.682637011673435,-1.5707963267948957,0.0,4
559.1799474948234,-1.7499999999998594,-59.17994749482321,-1.5707963267948957,0.0,4
559.6772579779731,-1.749999999999859,-59.677257977972985,-1.5707963267948957,0.0,4
560.1745684611229,-1.7499999999998586,-60.17456846112277,-1.5707963267948957,0.0,4
560.6718789442726,-1.7499999999998581,-60.67187894427254,-1.5707963267948957,0.0,4
561.1691894274225,-1.7499999999998574,-61.16918942742232,-1.5707963267948957,0.0,4
561.6664999105723,-1.749999999999857,-61.66649991057209,-1.5707963267948957,0.0,4
562.163810393722,-1.7499999999998566,-62.16381039372187,-1.5707963267948957,-0.019303835984307523,5
562.6613054969209,-1.752388844640391,-62.66129784975665,-1.5803998906700452,-0.019303835984307523,5
563.15880060012,-1.7595551582442825,-63.158739423652534,-1.5900034545451946,-0.019303835984307523,5
563.656295703319,-1.7714982798786927,-63.6560892375022,-1.5996070184203441,-0.019303835984307523,5
564.1537908065179,-1.7882171080566196,-64.15330142186119,-1.6092105822954934,-0.019303835984307523,5
564.6512859097169,-1.8097101008384835,-64.65033011997826,-1.618814146170643,-0.019303835984307523,5
565.148781012916,-1.8359752759743515,-65.14712949202472,-1.6284177100457924,-0.019303835984307523,5
565.6462761161149,-1.8670102110867246,-65.64365371932209,-1.6380212739209419,-0.019303835984307523,5
566.1437712193139,-1.9028120438939937,-66.13985700856786,-1.6476248377960914,-0.019303835984307523,5
566.6412663225129,-1.943377472474368,-66.63569359605891,-1.6572284016712409,-0.019303835984307523,5
567.1387614257119,-1.9887027555704448,-67.1311177519122,-1.6668319655463903,-0.019303835984307523,5
567.6362565289108,-2.0387837129342388,-67.62608378428229,-1.6764355294215396,-0.019303835984307523,5
568.1337516321098,-2.09361572571273,-68.12054604357549,-1.686039093296689,-0.019303835984307523,5
568.6312467353089,-2.1531937368738263,-68.6144589266599,-1.6956426571718386,-0.019303835984307523,5
569.1287418385078,-2.21751225167279,-69.1077768810714,-1.705246221046988,-0.019303835984307523,5
569.6262369417068,-2.286565338158983,-69.60045440921472,-1.7148497849221376,-0.019303835984307523,5
570.1237320449059,-2.360346627722971,-70.0924460725597,-1.724453348797287,-0.019303835984307523,5
570.6212271481048,-2.438849315683887,-70.5837064958319,-1.7340569126724366,-0.019303835984307523,5
571.1187222513038,-2.522066161916996,-71.07419037119753,-1.743660476547586,-0.019303835984307523,5
571.6162173545029,-2.6099894915214454,-71.56385246244203,-1.7532640404227353,-0.019303835984307523,5
572.1137124577018,-2.702611195528114,-72.05264760914214,-1.7628676042978848,-0.019303835984307523,5
572.6112075609008,-2.79992273164747,-72.54053073083091,-1.7724711681730343,-0.019303835984307523,5
573.1087026640997,-2.90191512505741,-73.02745683115536,-1.7820747320481838,-0.019303835984307523,5
573.6061977672988,-3.0085789692309737,-73.51338100202649,-1.7916782959233333,-0.019303835984307523,5
574.1036928704978,-3.119904426803924,-73.99825842776093,-1.8012818597984828,-0.019303835984307523,5
574.6011879736967,-3.2358812304819824,-74.48204438921424,-1.8108854236736323,-0.019303835984307523,5
575.0986830768958,-3.3564986839877795,-74.96469426790524,-1.8204889875487815,-0.019303835984307523,5
575.5961781800947,-3.4817456630473558,-75.44616355013115,-1.830092551423931,-0.019303835984307523,5
576.0936732832937,-3.6116106164161015,-75.92640783107285,-1.8396961152990805,-0.019303835984307523,5
576.5911683864927,-3.7460815669441354,-76.40538281889035,-1.84929967917423,-0.019303835984307523,5
577.0886634896917,-3.8851461126808964,-76.88304433880765,-1.8589032430493795,-0.019303835984307523,5
577.5861585928907,-4.028791428018971,-77.35934833718694,-1.868506806924529,-0.019303835984307523,5
578.0836536960896,-4.177004264876966,-77.83425088559154,-1.8781103707996785,-0.019303835984307523,5
578.5811487992887,-4.329770953921342,-78.30770818483731,-1.887713934674828,-0.019303835984307523,5
579.0786439024877,-4.487077405827103,-78.77967656903216,-1.8973174985499774,-0.019303835984307523,5
579.5761390056866,-4.64890911257724,-79.25011250960326,-1.9069210624251267,-0.019303835984307523,5
580.0736341088856,-4.8152511488007494,-79.71897261931157,-1.9165246263002762,-0.019303835984307523,5
580.5711292120847,-4.986088173149181,-80.18621365625337,-1.9261281901754257,-0.019303835984307523,5
581.0686243152836,-5.161404429711542,-80.65179252784833,-1.9357317540505752,-0.019303835984307523,5
581.5661194184826,-5.341183749467403,-81.11566629481388,-1.9453353179257247,-0.019303835984307523,5
582.0636145216816,-5.525409551778165,-81.57779217512532,-1.9549388818008742,-0.019303835984307523,5
582.5611096248806,-5.714064845916205,-82.03812754796165,-1.9645424456760234,-0.019303835984307523,5
583.0586047280796,-5.907132232631955,-82.49662995763626,-1.974146009551173,-0.019303835984307523,5
583.5560998312785,-6.104593905758556,-82.95325711751259,-1.9837495734263224,-0.019303835984307523,5
584.0535949344776,-6.306431653854071,-83.4079669139041,-1.993353137301472,-0.019303835984307523,5
584.5510900376765,-6.512626861881117,-83.86071740995834,-2.0029567011766214,-0.019303835984307523,5
585.0485851408755,-6.723160512923654,-84.31146684952469,-2.012560265051771,-0.019303835984307523,5
585.5460802440746,-6.938013189940921,-84.76017366100541,-2.0221638289269204,-0.019303835984307523,5
586.0435753472735,-7.15716507755816,-85.20679646118973,-2.03176739280207,-0.019303835984307523,5
586.5410704504725,-7.3805959638941925,-85.6512940590705,-2.0413709566772194,-0.019303835984307523,5
587.0385655536716,-7.608285242425509,-86.09362545964315,-2.050974520552369,-0.019303835984307523,5
587.5360606568705,-7.840211913886735,-86.53374986768658,-2.060578084427518,-0.019303835984307523,5
588.0335557600695,-8.076354588207387,-86.97162669152561,-2.0701816483026674,-0.019303835984307523,5
588.5310508632684,-8.316691486484585,-87.40721554677467,-2.079785212177817,-0.019303835984307523,5
589.0285459664675,-8.561200442991701,-87.84047626006227,-2.0893887760529664,-0.019303835984307523,5
589.5260410696665,-8.80985890722265,-88.27136887273622,-2.098992339928116,-0.019303835984307523,5
590.0235361728654,-9.06264394597166,-88.69985364454888,-2.1085959038032653,-0.019303835984307523,5
590.5210312760645,-9.319532245448368,-89.12589105732226,-2.118199467678415,-0.019303835984307523,5
591.0185263792634,-9.580500113427979,-89.54944181859281,-2.1278030315535643,-0.019303835984307523,5
591.5160214824624,-9.845523481436354,-89.97046686523514,-2.137406595428714,-0.019303835984307523,5
592.0135165856614,-10.1145779069698,-90.38892736706481,-2.1470101593038633,-0.019303835984307523,5
592.5110116888604,-10.387638575749325,-90.80478473041956,-2.156613723179013,-0.019303835984307523,5
593.0085067920594,-10.664680304009229,-91.21800060171861,-2.1662172870541623,-0.019303835984307523,5
593.5060018952584,-10.945677540819723,-91.62853687100008,-2.1758208509293118,-0.019303835984307523,5
594.0034969984574,-11.23060437044344,-92.03635567543566,-2.1854244148044613,-0.019303835984307523,5
594.5009921016564,-11.519434514725601,-92.44141940282262,-2.1950279786796107,-0.019303835984307523,5
594.9984872048553,-11.81214133551756,-92.8436906950528,-2.2046315425547602,-0.019303835984307523,5
595.4959823080543,-12.108697837133594,-93.24313245155795,-2.2142351064299093,-0.019303835984307523,5
595.9934774112534,-12.409076668840703,-93.63970783273155,-2.223838670305059,-0.019303835984307523,5
596.4909725144523,-12.713250127380954,-94.03338026332621,-2.2334422341802083,-0.019303835984307523,5
596.9884676176513,-13.02119015952671,-94.42411343582728,-2.2430457980553578,-0.019303835984307523,5
597.4859627208504,-13.332868364667736,-94.81187131380108,-2.2526493619305072,-0.019303835984307523,5
597.9834578240493,-13.648255997430594,-95.19661813521864,-2.2622529258056567,-0.019303835984307523,5
598.4809529272483,-13.96732397032976,-95.5783184157539,-2.2718564896808062,-0.019303835984307523,5
598.9784480304472,-14.290042856450295,-95.95693695205634,-2.2814600535559557,-0.019303835984307523,5
599.4759431336463,-14.616382892161816,-96.33243882499772,-2.291063617431105,-0.019303835984307523,5
599.9734382368453,-14.946313979863538,-96.70478940289257,-2.3006671813062547,-0.019303835984307523,5
600.4709333400442,-15.279805690760096,-97.07395434469227,-2.310270745181404,-0.019303835984307523,5
600.9684284432433,-15.61682726766793,-97.4398996031521,-2.3198743090565537,-0.019303835984307523,5
601.4659235464422,-15.957347627851952,-97.80259142797149,-2.329477872931703,-0.019303835984307523,5
601.9634186496412,-16.301335365892236,-98.16199636890667,-2.3390814368068527,-0.019303835984307523,5
602.4609137528403,-16.648758756580442,-98.51808127885562,-2.3486850006820017,-0.019303835984307523,5
602.9584088560392,-16.999585757845843,-98.87081331691542,-2.358288564557151,-0.019303835984307523,5
603.4559039592382,-17.353784013710374,-99.22015995141072,-2.3678921284323007,-0.019303835984307523,5
603.9533990624371,-17.711320857272842,-99.56608896289438,-2.37749569230745,-0.019303835984307523,5
604.4508941656362,-18.072163313721674,-99.90856844711885,-2.3870992561825997,-0.019303835984307523,5
604.9483892688352,-18.43627810337612,-100.24756681797862,-2.396702820057749,-0.019303835984307523,5
605.4458843720341,-18.803631644755583,-100.58305281042337,-2.4063063839328986,-0.019303835984307523,5
605.9433794752332,-19.17419005767674,-100.9149954833415,-2.415909947808048,-0.019303835984307523,5
606.4408745784322,-19.54791916637822,-101.24336422241372,-2.4255135116831976,-0.019303835984307523,5
606.9383696816311,-19.92478450267262,-101.5681287429365,-2.435117075558347,-0.019303835984307523,5
607.4358647848301,-20.30475130912533,-101.88925909261526,-2.4447206394334966,-0.019303835984307523,5
607.9333598880291,-20.687784542260225,-102.20672565432673,-2.454324203308646,-0.019303835984307523,5
608.4308549912281,-21.073848875791604,-102.52049914885049,-2.4639277671837956,-0.019303835984307523,5
608.9283500944271,-21.462908703882242,-102.83055063756933,-2.473531331058945,-0.019303835984307523,5
609.4258451976261,-21.85492814442726,-103.13685152513816,-2.4831348949340946,-0.019303835984307523,5
609.9233403008251,-22.249871042363427,-103.43937356212135,-2.492738458809244,-0.019303835984307523,5
610.420835404024,-22.647700973003676,-103.73808884759805,-2.502342022684393,-0.019303835984307523,5
610.918330507223,-23.048381245396502,-104.03296983173553,-2.5119455865595426,-0.019303835984307523,5
611.4158256104221,-23.4518749057098,-104.32398931832991,-2.521549150434692,-0.019303835984307523,5
611.913320713621,-23.85814474063911,-104.61112046731446,-2.5311527143098416,-0.019303835984307523,5
612.41081581682,-24.267153280839672,-104.89433679723504,-2.540756278184991,-0.019303835984307523,5
612.9083109200191,-24.67886280438217,-105.17361218769236,-2.5503598420601405,-0.019303835984307523,5
613.405806023218,-25.09323534023172,-105.44892088175104,-2.55996340593529,-0.019303835984307523,5
613.903301126417,-25.510232671749847,-105.7202374883151,-2.5695669698104395,-0.019303835984307523,5
614.4007962296159,-25.92981634021913,-105.98753698446973,-2.5791705336855886,-0.019303835984307523,5
614.898291332815,-26.351947648390222,-106.25079471778912,-2.5887740975607385,-0.019303835984307523,5
615.395786436014,-26.776587664050616,-106.50998640861002,-2.5983776614358876,0.019303835984307523,6
615.8952454844889,-27.20289907169367,-106.77020937528476,-2.5887361858832496,0.019303835984307523,6
616.3947045329637,-27.62668177045075,-107.03453045447775,-2.579094710330612,0.019303835984307523,6
616.8941635814386,-28.047896366613433,-107.302925075607,-2.569453234777974,0.019303835984307523,6
617.3936226299136,-28.466503705197155,-107.57536828942497,-2.559811759225336,0.019303835984307523,6
617.8930816783885,-28.88246487358108,-107.85183477033769,-2.5501702836726987,0.019303835984307523,6
618.3925407268633,-29.29574120512535,-108.13229881875908,-2.5405288081200608,0.019303835984307523,6
618.8919997753383,-29.7062942827653,-108.41673436349984,-2.530887332567423,0.019303835984307523,6
619.3914588238132,-30.11408594258271,-108.70511496419095,-2.521245857014785,0.019303835984307523,6
619.8909178722881,-30.519078277353387,-108.99741381374153,-2.5116043814621474,0.019303835984307523,6
620.390376920763,-30.92123364007093,-109.29360374083076,-2.5019629059095094,0.019303835984307523,6
620.8898359692379,-31.320514647446288,-109.59365721243361,-2.4923214303568715,0.019303835984307523,6
621.3892950177128,-31.716884183382763,-109.8975463363803,-2.482679954804234,0.019303835984307523,6
621.8887540661877,-32.11030540242636,-110.20524286394904,-2.473038479251596,0.019303835984307523,6
622.3882131146626,-32.50074173319069,-110.51671819249192,-2.463397003698958,0.019303835984307523,6
622.8876721631375,-32.88815688175658,-110.83194336809382,-2.4537555281463206,0.019303835984307523,6
623.3871312116124,-33.272514835045996,-111.15088908826385,-2.4441140525936826,0.019303835984307523,6
623.8865902600872,-33.65377986416952,-111.47352570465921,-2.4344725770410447,0.019303835984307523,6
624.3860493085622,-34.03191652774774,-111.79982322584121,-2.424831101488407,0.019303835984307523,6
624.8855083570371,-34.40688967520577,-112.1297513200633,-2.4151896259357692,0.019303835984307523,6
625.384967405512,-34.77866445004072,-112.4632793180905,-2.4055481503831313,0.019303835984307523,6
625.8844264539869,-35.14720629306187,-112.80037621605035,-2.395906674830494,0.019303835984307523,6
626.3838855024618,-35.51248094560327,-113.14101067831507,-2.386265199277856,0.019303835984307523,6
626.8833445509367,-35.87445445270821,-113.48515104041425,-2.376623723725218,0.019303835984307523,6
627.3828035994117,-36.23309316628567,-113.83276531197845,-2.36698224817258,0.019303835984307523,6
627.8822626478865,-36.588363748238116,-114.18382117971285,-2.3573407726199425,0.019303835984307523,6
628.3817216963614,-36.940233173560614,-114.53828601040107,-2.3476992970673045,0.019303835984307523,6
628.8811807448363,-37.28866873341057,-114.89612685393857,-2.338057821514667,0.019303835984307523,6
629.3806397933113,-37.63363803814845,-115.25731044639575,-2.328416345962029,0.019303835984307523,6
629.8800988417861,-37.97510902034847,-115.62180321310993,-2.318774870409391,0.019303835984307523,6
630.379557890261,-38.31304993777961,-115.98957127180644,-2.309133394856753,0.019303835984307523,6
630.879016938736,-38.64742937635623,-116.3605804357482,-2.2994919193041157,0.019303835984307523,6
631.3784759872108,-38.97821625305829,-116.73479621691371,-2.2898504437514777,0.019303835984307523,6
631.8779350356857,-39.30537981882068,-117.11218382920278,-2.28020896819884,0.019303835984307523,6
632.3773940841606,-39.62888966139159,-117.49270819167032,-2.2705674926462023,0.019303835984307523,6
632.8768531326356,-39.948715708159625,-117.87633393178734,-2.2609260170935643,0.019303835984307523,6
633.3763121811104,-40.26482822894917,-118.26302538872903,-2.2512845415409264,0.019303835984307523,6
633.8757712295853,-40.577197838784045,-118.65274661668973,-2.241643065988289,0.019303835984307523,6
634.3752302780603,-40.88579550061917,-119.04546138822437,-2.232001590435651,0.019303835984307523,6
634.8746893265352,-41.1905925280396,-119.44113319761604,-2.222360114883013,0.019303835984307523,6
635.37414837501,-41.49156058792725,-119.83972526426949,-2.212718639330375,0.019303835984307523,6
635.8736074234849,-41.788671703094636,-120.24120053613014,-2.2030771637777375,0.019303835984307523,6
636.3730664719599,-42.08189825488557,-120.64552169312837,-2.1934356882250996,0.019303835984307523,6
636.8725255204347,-42.3712129857425,-121.0526511506487,-2.1837942126724617,0.019303835984307523,6
637.3719845689096,-42.65658900174029,-121.46255106302344,-2.174152737119824,0.019303835984307523,6
637.8714436173846,-42.93799977508624,-121.8751833270509,-2.164511261567186,0.019303835984307523,6
638.3709026658595,-43.21541914658603,-122.29050958553725,-2.1548697860145483,0.019303835984307523,6
638.8703617143343,-43.488821328075375,-122.70849123086208,-2.1452283104619108,0.019303835984307523,6
639.3698207628092,-43.75818090481728,-123.1290894085674,-2.135586834909273,0.019303835984307523,6
639.8692798112842,-44.02347283786449,-123.55226502096924,-2.125945359356635,0.019303835984307523,6
640.3687388597591,-44.284672466387015,-123.97797873079227,-2.1163038838039974,0.019303835984307523,6
640.8681979082339,-44.54175550996463,-124.40619096482637,-2.1066624082513594,0.019303835984307523,6
641.3676569567089,-44.79469807084382,-124.83686191760526,-2.0970209326987215,0.019303835984307523,6
641.8671160051838,-45.043476636159276,-125.26995155510676,-2.087379457146084,0.019303835984307523,6
642.3665750536586,-45.28806808011964,-125.7054196184742,-2.077737981593446,0.019303835984307523,6
642.8660341021335,-45.52844966615717,-126.14322562775877,-2.068096506040808,0.019303835984307523,6
643.3654931506085,-45.764599049041244,-126.58332888568248,-2.0584550304881706,0.019303835984307523,6
643.8649521990834,-45.996494276955595,-127.02568848142124,-2.0488135549355326,0.019303835984307523,6
644.3644112475582,-46.22411379353882,-127.47026329440779,-2.0391720793828947,0.019303835984307523,6
644.8638702960332,-46.447436439888236,-127.91701199815418,-2.029530603830257,0.019303835984307523,6
645.3633293445081,-46.666441456526734,-128.36589306409343,-2.0198891282776192,0.019303835984307523,6
645.862788392983,-46.881108485332575,-128.81686476543985,-2.0102476527249813,0.019303835984307523,6
646.3622474414578,-47.091417571431734,-129.26988518106782,-2.000606177172344,0.019303835984307523,6
646.8617064899328,-47.297349165052964,-129.72491219940872,-1.9909647016197058,0.019303835984307523,6
647.3611655384077,-47.49888412334499,-130.18190352236556,-1.981323226067068,0.019303835984307523,6
647.8606245868826,-47.69600371215605,-130.64081666924474,-1.9716817505144302,0.019303835984307523,6
648.3600836353575,-47.888689607775326,-131.10160898070512,-1.9620402749617925,0.019303835984307523,6
648.8595426838324,-48.0769238986363,-131.5642376227234,-1.9523987994091545,0.019303835984307523,6
649.3590017323073,-48.26068908698173,-132.02865959057587,-1.9427573238565168,0.019303835984307523,6
649.8584607807823,-48.43996809049024,-132.4948317128361,-1.9331158483038788,0.019303835984307523,6
650.3579198292571,-48.614744243864195,-132.9627106553879,-1.9234743727512411,0.019303835984307523,6
650.857378877732,-48.785001300378894,-133.43225292545372,-1.9138328971986032,0.019303835984307523,6
651.3568379262069,-48.95072343339285,-133.90341487563742,-1.9041914216459652,0.019303835984307523,6
651.8562969746818,-49.111895237818906,-134.37615270798176,-1.8945499460933277,0.019303835984307523,6
652.3557560231567,-49.268501731556356,-134.85042247803977,-1.8849084705406898,0.019303835984307523,6
652.8552150716316,-49.42052835688355,-135.32618009895953,-1.8752669949880518,0.019303835984307523,6
653.3546741201066,-49.56796098181121,-135.80338134558252,-1.8656255194354143,0.019303835984307523,6
653.8541331685814,-49.71078590139605,-136.28198185855464,-1.8559840438827764,0.019303835984307523,6
654.3535922170563,-49.848989839014784,-136.76193714844973,-1.8463425683301384,0.019303835984307523,6
654.8530512655312,-49.982559947598276,-137.24320259990515,-1.836701092777501,0.019303835984307523,6
655.3525103140062,-50.111483810825774,-137.72573347576918,-1.827059617224863,0.019303835984307523,6
655.851969362481,-50.23574944427908,-138.20948492125956,-1.817418141672225,0.019303835984307523,6
656.3514284109559,-50.355345296556585,-138.69441196813324,-1.8077766661195875,0.019303835984307523,6
656.8508874594309,-50.47026025034713,-139.18046953886628,-1.7981351905669496,0.019303835984307523,6
657.3503465079057,-50.58048362346333,-139.6676124508444,-1.7884937150143116,0.019303835984307523,6
657.8498055563806,-50.68600516983463,-140.1557954205627,-1.778852239461674,0.019303835984307523,6
658.3492646048555,-50.78681508045975,-140.6449730678355,-1.7692107639090362,0.019303835984307523,6
658.8487236533305,-50.8829039843185,-141.13509992001445,-1.7595692883563983,0.019303835984307523,6
659.3481827018053,-50.97426294924284,-141.62613041621557,-1.7499278128037605,0.019303835984307523,6
659.8476417502802,-51.06088348274727,-142.1180189115547,-1.7402863372511228,0.019303835984307523,6
660.3471007987552,-51.14275753281821,-142.61071968139032,-1.7306448616984849,0.019303835984307523,6
660.8465598472301,-51.21987748866249,-143.10418692557394,-1.7210033861458471,0.019303835984307523,6
661.3460188957049,-51.29223618141489,-143.59837477270776,-1.7113619105932094,0.019303835984307523,6
661.8454779441798,-51.35982688480446,-144.09323728440864,-1.7017204350405715,0.019303835984307523,6
662.3449369926548,-51.42264331577984,-144.58872845957842,-1.6920789594879335,0.019303835984307523,6
662.8443960411296,-51.48067963509328,-145.08480223868,-1.682437483935296,0.019303835984307523,6
663.3438550896045,-51.533930447843446,-145.5814125080191,-1.672796008382658,0.019303835984307523,6
663.8433141380794,-51.58239080397693,-146.07851310403063,-1.6631545328300201,0.019303835984307523,6
664.3427731865544,-51.626056198748365,-146.57605781757007,-1.6535130572773826,0.019303835984307523,6
664.8422322350292,-51.66492257313923,-147.07400039820897,-1.6438715817247447,0.019303835984307523,6
665.3416912835041,-51.6989863142351,-147.57229455853414,-1.6342301061721067,0.019303835984307523,6
665.8411503319791,-51.72824425556152,-148.0708939784505,-1.624588630619469,0.019303835984307523,6
666.340609380454,-51.75269367737836,-148.5697523094869,-1.6149471550668313,0.019303835984307523,6
666.8400684289288,-51.77233230693264,-149.06882317910447,-1.6053056795141933,0.019303835984307523,6
667.3395274774037,-51.787158318669775,-149.5680601950073,-1.5956642039615556,0.019303835984307523,6
667.8389865258787,-51.79717033440328,-150.067416949455,-1.586022728408918,0.019303835984307523,6
668.3384455743536,-51.80236742344291,-150.5668470235766,-1.57638125285628,0.019303835984307523,6
668.8379046228284,-51.80274910268113,-151.06630399168554,-1.5667397773036422,0.019303835984307523,6
669.3373636713034,-51.79831533663806,-151.5657414255952,-1.5570983017510045,0.019303835984307523,6
669.8368227197783,-51.78906653746476,-152.0651128989349,-1.5474568261983666,0.019303835984307523,6
670.3362817682532,-51.77500356490491,-152.5643719914654,-1.5378153506457288,0.019303835984307523,6
670.835740816728,-51.7561277262149,-153.0634722933941,-1.528173875093091,0.019303835984307523,6
671.335199865203,-51.73244077604231,-153.56236740968924,-1.5185323995404532,0.019303835984307523,6
671.8346589136779,-51.70394491626281,-154.06101096439244,-1.5088909239878154,0.019303835984307523,6
672.3341179621527,-51.67064279577545,-154.55935660492986,-1.4992494484351775,0.019303835984307523,6
672.8335770106277,-51.63253751025646,-155.05735800642094,-1.4896079728825398,0.019303835984307523,6
673.3330360591026,-51.589632601871486,-155.5549688759848,-1.479966497329902,0.019303835984307523,6
673.8324951075775,-51.54193205894626,-156.05214295704317,-1.470325021777264,0.019303835984307523,6
674.3319541560523,-51.48944031559594,-156.54883403362058,-1.4606835462246264,0.019303835984307523,6
674.8314132045273,-51.432162251312874,-157.04499593464038,-1.4510420706719884,0.019303835984307523,6
675.3308722530022,-51.370103190513035,-157.54058253821665,-1.4414005951193507,0.019303835984307523,6
675.8303313014771,-51.303268902041054,-158.03554777594152,-1.431759119566713,0.019303835984307523,6
676.329790349952,-51.23166559863398,-158.5298456371677,-1.422117644014075,0.019303835984307523,6
676.8292493984269,-51.15529993634378,-159.02343017328548,-1.4124761684614373,0.019303835984307523,6
677.3287084469018,-51.074179013918595,-159.5162555019938,-1.4028346929087996,0.019303835984307523,6
677.8281674953766,-50.988310372142806,-160.00827581156568,-1.3931932173561616,0.019303835984307523,6
678.3276265438516,-50.897701993136174,-160.4994453651064,-1.383551741803524,0.019303835984307523,6
678.8270855923265,-50.802362299611744,-160.98971850480535,-1.3739102662508862,0.019303835984307523,6
679.3265446408014,-50.70230015409294,-161.47904965618014,-1.3642687906982482,0.019303835984307523,6
679.8260036892764,-50.59752485808972,-161.96739333231307,-1.3546273151456103,0.019303835984307523,6
680.3254627377512,-50.48804615123392,-162.45470413807953,-1.3449858395929728,0.019303835984307523,6
680.8249217862261,-50.373874210373906,-162.94093677436786,-1.3353443640403349,0.019303835984307523,6
681.3243808347011,-50.25501964862855,-163.42604604228995,-1.3257028884876971,0.019303835984307523,6
681.8238398831759,-50.13149351440064,-163.9099868473832,-1.3160614129350594,0.019303835984307523,6
682.3232989316508,-50.00330729034991,-164.39271420380214,-1.3064199373824212,0.019303835984307523,6
682.8227579801257,-49.870472892325566,-164.87418323850022,-1.2967784618297835,0.019303835984307523,6
683.3222170286006,-49.733002668258706,-165.35434919540117,-1.287136986277146,0.019303835984307523,6
683.8216760770755,-49.590909397014386,-165.8331674395593,-1.277495510724508,0.019303835984307523,6
684.3211351255504,-49.444206287203826,-166.31059346130877,-1.2678540351718701,0.019303835984307523,6
684.8205941740254,-49.29290697595654,-166.78658288040094,-1.2582125596192324,0.019303835984307523,6
685.3200532225003,-49.13702552765261,-167.26109145012995,-1.2485710840665944,0.019303835984307523,6
685.8195122709751,-48.97657643261542,-167.73407506144576,-1.2389296085139567,0.019303835984307523,6
686.31897131945,-48.811574605764534,-168.20548974705437,-1.229288132961319,0.019303835984307523,6
686.818430367925,-48.64203538522935,-168.67529168550496,-1.2196466574086813,0.019303835984307523,6
687.3178894163998,-48.467974530923264,-169.14343720526335,-1.210005181856043,0.019303835984307523,6
687.8173484648747,-48.289408223078695,-169.60988278877159,-1.2003637063034056,0.019303835984307523,6
688.3168075133497,-48.10635306074295,-170.07458507649335,-1.1907222307507677,0.019303835984307523,6
688.8162665618246,-47.91882606023532,-170.53750087094434,-1.18108075519813,0.019303835984307523,6
689.3157256102994,-47.7268446535652,-170.998587140708,-1.1714392796454922,0.019303835984307523,6
689.8151846587743,-47.530426686811715,-171.4578010244354,-1.1617978040928545,0.019303835984307523,6
690.3146437072493,-47.32959041846475,-171.9150998348298,-1.1521563285402163,0.019303835984307523,6
690.8141027557242,-47.12435451772773,-172.37044106261422,-1.1425148529875788,0.019303835984307523,6
691.313561804199,-46.91473806278216,-172.82378238048372,-1.1328733774349409,0.019303835984307523,6
691.813020852674,-46.700760539014176,-173.27508164703943,-1.1232319018823032,0.019303835984307523,6
692.3124799011489,-46.48244183720322,-173.72429691070616,-1.1135904263296654,0.019303835984307523,6
692.8119389496237,-46.25980225167305,-174.1713864136321,-1.1039489507770275,0.019303835984307523,6
693.3113979980986,-46.032862478405264,-174.61630859557044,-1.0943074752243895,0.019303835984307523,6
693.8108570465736,-45.80164361311543,-175.05902209774274,-1.084665999671752,0.019303835984307523,6
694.3103160950485,-45.56616714929207,-175.49948576668362,-1.075024524119114,0.019303835984307523,6
694.8097751435233,-45.326454976198704,-175.93765865806606,-1.0653830485664764,0.019303835984307523,6
695.3092341919983,-45.082529376839105,-176.37350004050774,-1.0557415730138384,0.019303835984307523,6
695.8086932404732,-44.83441302588588,-176.80696939935706,-1.0461000974612005,0.019303835984307523,6
696.3081522889481,-44.582128987572716,-177.23802644045952,-1.0364586219085627,0.019303835984307523,6
696.8076113374229,-44.32570071355043,-177.66663109390316,-1.0268171463559252,0.019303835984307523,6
697.3070703858979,-44.06515204070686,-178.09274351774346,-1.0171756708032873,0.019303835984307523,6
697.8065294343728,-43.80050718895118,-178.5163241017069,-1.0075341952506491,0.019303835984307523,6
698.3059884828476,-43.531790758962416,-178.93733347087306,-0.9978927196980116,0.019303835984307523,6
698.8054475313226,-43.2590277299026,-179.3557324893348,-0.9882512441453737,0.019303835984307523,6
699.3049065797975,-42.98224345709485,-179.77148226383608,-0.978609768592736,0.019303835984307523,6
699.8043656282724,-42.70146366966637,-180.18454414738767,-0.9689682930400985,0.019303835984307523,6
700.3038246767474,-42.41671446815667,-180.5948797428595,-0.9593268174874603,0.019303835984307523,6
700.8032837252222,-42.128022322091496,-181.00245090654983,-0.9496853419348223,0.019303835984307523,6
701.3027427736971,-41.83541406752216,-181.40721975173122,-0.9400438663821848,0.019303835984307523,6
701.802201822172,-41.53891690453092,-181.80914865217227,-0.9304023908295469,0.019303835984307523,6
702.3016608706469,-41.23855839470264,-182.20820024563523,-0.9207609152769092,0.019303835984307523,6
702.8011199191218,-40.934366458562664,-182.60433743734916,-0.9111194397242715,0.019303835984307523,6
703.3005789675967,-40.62636937298139,-182.99752340345816,-0.9014779641716335,0.019303835984307523,6
703.8000380160717,-40.31459576854576,-183.38772159444426,-0.8918364886189956,0.019303835984307523,6
704.2994970645465,-39.99907462689787,-183.77489573852517,-0.8821950130663581,0.019303835984307523,6
704.7989561130214,-39.67983527804081,-184.159009845026,-0.8725535375137201,0.019303835984307523,6
705.2984151614963,-39.35690739761232,-184.54002820772462,-0.8629120619610824,0.019303835984307523,6
705.7978742099713,-39.03032100412618,-184.91791540817118,-0.8532705864084444,0.019303835984307523,6
706.2973332584461,-38.7001064561818,-185.29263631898013,-0.8436291108558067,0.019303835984307523,6
706.796792306921,-38.366294449642105,-185.66415610709583,-0.8339876353031688,0.019303835984307523,6
707.296251355396,-38.028916014780215,-186.0324402370305,-0.8243461597505313,0.019303835984307523,6
707.7957104038708,-37.688002513394856,-186.39745447407446,-0.8147046841978933,0.019303835984307523,6
708.2951694523457,-37.34358563589513,-186.75916488747856,-0.8050632086452552,0.019303835984307523,6
708.7946285008206,-36.995697398354665,-187.1175378536082,-0.7954217330926177,0.019303835984307523,6
709.2940875492956,-36.64437013953538,-187.47254005906916,-0.7857802575399797,0.019303835984307523,6
709.7935465977704,-36.28963651788148,-187.8241385038039,-0.776138781987342,0.019303835984307523,6
710.2930056462453,-35.93152950848357,-188.1723005041596,-0.7664973064347045,0.019303835984307523,6
710.7924646947203,-35.57008240001332,-188.516993695926,-0.7568558308820663,0.019303835984307523,6
711.2919237431952,-35.20532879162917,-188.85818603734407,-0.7472143553294284,0.019303835984307523,6
711.79138279167,-34.83730258985294,-189.19584581208449,-0.7375728797767909,0.019303835984307523,6
712.2908418401449,-34.46603800541795,-189.52994163219591,-0.7279314042241529,0.019303835984307523,6
712.7903008886199,-34.091569550089005,-189.86044244102266,-0.7182899286715154,0.019303835984307523,6
713.2897599370947,-33.71393203345413,-190.18731751609175,-0.7086484531188777,0.019303835984307523,6
713.7892189855696,-33.33316055968884,-190.5105364719688,-0.6990069775662395,0.019303835984307523,6
714.2886780340446,-32.949290524293005,-190.8300692630823,-0.6893655020136018,0.019303835984307523,6
714.7881370825195,-32.56235761080043,-191.14588618651698,-0.6797240264609641,0.019303835984307523,6
715.2875961309943,-32.17239778746194,-191.45795788477463,-0.6700825509083261,0.019303835984307523,6
715.7870551794692,-31.77944730390181,-191.7662553485032,-0.6604410753556886,0.019303835984307523,6
716.2865142279442,-31.383542687748076,-192.07074991919333,-0.6507995998030505,0.019303835984307523,6
716.7859732764191,-30.98472074123711,-192.37141329184254,-0.6411581242504127,0.019303835984307523,6
717.2854323248939,-30.583018537792487,-192.66821751758624,-0.631516648697775,0.019303835984307523,6
717.7848913733689,-30.178473418578793,-192.96113500629593,-0.6218751731451373,0.019303835984307523,6
718.2843504218438,-29.77112298903046,-193.25013852914364,-0.6122336975924993,0.019303835984307523,6
718.7838094703186,-29.36100511535611,-193.53520122113338,-0.6025922220398616,0.019303835984307523,6
719.2832685187935,-28.94815792101855,-193.81629658359816,-0.5929507464872237,0.019303835984307523,6
719.7827275672685,-28.532619783190967,-194.09339848666343,-0.5833092709345857,0.019303835984307523,6
720.2821866157434,-28.114429329189498,-194.3664811716759,-0.5736677953819482,0.019303835984307523,6
720.7816456642182,-27.693625432882452,-194.6355192535982,-0.5640263198293103,0.019303835984307523,6
721.2811047126931,-27.270247211076807,-194.90048772336826,-0.5543848442766723,0.019303835984307523,6
721.7805637611681,-26.844334019881966,-195.16136195022446,-0.5447433687240348,0.019303835984307523,6
722.280022809643,-26.41592545105128,-195.41811768399498,-0.5351018931713969,0.019303835984307523,6
722.7794818581178,-25.985061328301782,-195.6707310573522,-0.525460417618759,0.019303835984307523,6
723.2789409065928,-25.551781703612264,-195.9191785880312,-0.5158189420661214,0.019303835984307523,6
723.7783999550677,-25.11612685350004,-196.1634371810127,-0.5061774665134835,0.019303835984307523,6
724.2778590035426,-24.67813727527713,-196.40348413066988,-0.49653599096084555,0.019303835984307523,6
724.7773180520174,-24.237853683285635,-196.6392971228791,-0.48689451540820805,0.019303835984307523,6
725.2767771004924,-23.795317005112988,-196.87085423709397,-0.4772530398555701,0.019303835984307523,6
725.7762361489673,-23.350568377787567,-197.0981339483833,-0.46761156430293216,0.019303835984307523,6
726.2756951974421,-22.903649143954638,-197.32111512943177,-0.45797008875029466,0.019303835984307523,6
726.7751542459171,-22.454600848033188,-197.539777052504,-0.4483286131976567,0.019303835984307523,6
727.274613294392,-22.003465232354195,-197.7540993913713,-0.43868713764501877,0.019303835984307523,6
727.7740723428669,-21.55028423328032,-197.9640622232011,-0.42904566209238126,0.019303835984307523,6
728.2735313913417,-21.09509997730753,-198.169646030409,-0.4194041865397433,0.019303835984307523,6
728.7729904398167,-20.63795477714927,-198.37083170247308,-0.40976271098710537,0.019303835984307523,6
729.2724494882916,-20.178891127803112,-198.5676005377103,-0.4001212354344674,0.019303835984307523,6
729.7719085367665,-19.717951702600555,-198.75993424501485,-0.3904797598818299,0.019303835984307523,6
730.2713675852414,-19.25517934924015,-198.94781494555878,-0.380838284329192,0.019303835984307523,6
730.7708266337163,-18.79061708580465,-199.13122517445365,-0.3711968087765545,0.019303835984307523,6
731.2702856821912,-18.324308096761982,-199.31014788237417,-0.36155533322391653,0.019303835984307523,6
731.7697447306662,-17.856295728951082,-199.48456643714297,-0.3519138576712786,0.019303835984307523,6
732.269203779141,-17.386623487552416,-199.6544646252768,-0.34227238211864064,0.019303835984307523,6
732.7686628276159,-16.915335032043885,-199.81982665349358,-0.33263090656600314,0.019303835984307523,6
733.2681218760908,-16.442474172142273,-199.98063715018057,-0.3229894310133652,0.019303835984307523,6
733.7675809245657,-15.968084863730969,-200.13688116682323,-0.3133479554607277,0.019303835984307523,6
734.2670399730406,-15.492211204773751,-200.28854417939485,-0.3037064799080893,0.019303835984307523,6
734.7664990215155,-15.014897431215788,-200.43561208970658,-0.29406500435545135,0.019303835984307523,6
735.2659580699905,-14.536187912871386,-200.57807122671807,-0.28442352880281385,0.019303835984307523,6
735.7654171184653,-14.056127149299552,-200.71590834780818,-0.27478205325017635,0.019303835984307523,6
736.2648761669402,-13.574759765667432,-200.84911064000607,-0.2651405776975384,0.019303835984307523,6
736.7643352154151,-13.092130508602157,-200.97766572118223,-0.2554991021449009,0.019303835984307523,6
737.2637942638901,-12.60828424203113,-201.10156164119945,-0.2458576265922625,0.019303835984307523,6
737.7632533123649,-12.123265943011848,-201.22078688302366,-0.23621615103962457,0.019303835984307523,6
738.2627123608398,-11.637120697550744,-201.33533036379472,-0.22657467548698706,0.019303835984307523,6
738.7621714093148,-11.149893696412136,-201.44518143585634,-0.21693319993434912,0.019303835984307523,6
739.2616304577896,-10.66163023091756,-201.5503298877461,-0.20729172438171162,0.019303835984307523,6
739.7610895062645,-10.172375688735418,-201.65076594514454,-0.19765024882907367,0.019303835984307523,6
740.2605485547394,-9.682175549662023,-201.74648027178395,-0.18800877327643573,0.019303835984307523,6
740.7600076032144,-9.191075381393834,-201.83746397031592,-0.17836729772379778,0.019303835984307523,6
741.2594666516893,-8.69912083529163,-201.92370858313876,-0.16872582217116028,0.019303835984307523,6
741.7589257001641,-8.206357642136819,-202.00520609318343,-0.15908434661852233,0.019303835984307523,6
742.2583847486391,-7.712831607880563,-202.08194892465895,-0.14944287106588483,0.019303835984307523,6
742.757843797114,-7.218588609385616,-202.15392994375657,-0.13980139551324688,0.019303835984307523,6
743.2573028455888,-6.72367459016187,-202.22114245931283,-0.13015991996060894,0.019303835984307523,6
743.7567618940637,-6.2281355560954985,-202.28358022343178,-0.12051844440797099,0.019303835984307523,6
744.2562209425387,-5.732017571172374,-202.34123743206544,-0.11087696885533305,0.019303835984307523,6
744.7556799910135,-5.235366753196136,-202.39410872555368,-0.10123549330269555,0.019303835984307523,6
745.2551390394884,-4.738229269501108,-202.44218918912213,-0.09159401775005804,0.019303835984307523,6
745.7545980879634,-4.240651332660754,-202.48547435333927,-0.0819525421974201,0.019303835984307523,6
746.2540571364383,-3.74267919619194,-202.52396019453175,-0.07231106664478215,0.019303835984307523,6
746.7535161849132,-3.2443591502552565,-202.55764313515851,-0.0626695910921442,0.019303835984307523,6
747.252975233388,-2.745737517352037,-202.5865200441433,-0.053028115539506704,0.019303835984307523,6
747.752434281863,-2.2468606480183126,-202.6105882371657,-0.0433866399868692,0.019303835984307523,6
748.2518933303379,-1.7477749165161924,-202.62984547691082,-0.033745164434231256,0.019303835984307523,6
748.7513523788127,-1.2485267165230844,-202.64428997327698,-0.024103688881592866,0.019303835984307523,6
749.2508114272877,-0.7491624568190858,-202.6539203835424,-0.01446221332895492,0.019303835984307523,6
749.7502704757626,-0.2497285569728298,-202.6587358124898,-0.004820737776317419,0.019303835984307523,6
750.2497295242375,0.24972855697350838,-202.6587358124898,0.004820737776320527,0.019303835984307523,6
750.7491885727123,0.7491624568197643,-202.65392038354238,0.014462213328958029,0.019303835984307523,6
751.2486476211873,1.2485267165237417,-202.64428997327698,0.02410368888159553,0.019303835984307523,6
751.7481066696622,1.7477749165168284,-202.62984547691082,0.03374516443423348,0.019303835984307523,6
752.2475657181371,2.246860648018945,-202.6105882371657,0.04338663998687142,0.019303835984307523,6
752.747024766612,2.745737517352694,-202.5865200441433,0.05302811553950937,0.019303835984307523,6
753.2464838150869,3.244359150255935,-202.5576431351585,0.06266959109214731,0.019303835984307523,6
753.7459428635618,3.742679196192597,-202.52396019453175,0.07231106664478482,0.019303835984307523,6
754.2454019120366,4.240651332661411,-202.48547435333927,0.08195254219742276,0.019303835984307523,6
754.7448609605116,4.738229269501762,-202.44218918912213,0.09159401775006071,0.019303835984307523,6
755.2443200089865,5.235366753196814,-202.39410872555368,0.10123549330269865,0.019303835984307523,6
755.7437790574614,5.732017571173053,-202.34123743206544,0.11087696885533616,0.019303835984307523,6
756.2432381059364,6.22813555609617,-202.28358022343176,0.1205184444079741,0.019303835984307523,6
756.7426971544112,6.723674590162531,-202.22114245931283,0.1301599199606116,0.019303835984307523,6
757.2421562028861,7.2185886093862734,-202.15392994375654,0.13980139551324955,0.019303835984307523,6
757.741615251361,7.712831607881199,-202.08194892465895,0.14944287106588705,0.019303835984307523,6
758.2410742998359,8.206357642137476,-202.0052060931834,0.159084346618525,0.019303835984307523,6
758.7405333483108,8.699120835292284,-201.92370858313873,0.16872582217116294,0.019303835984307523,6
759.2399923967857,9.191075381394526,-201.83746397031592,0.17836729772380133,0.019303835984307523,6
759.7394514452606,9.682175549662674,-201.74648027178392,0.1880087732764384,0.019303835984307523,6
760.2389104937355,10.172375688736075,-201.65076594514454,0.19765024882907634,0.019303835984307523,6
760.7383695422104,10.661630230918213,-201.55032988774605,0.20729172438171428,0.019303835984307523,6
761.2378285906854,11.14989369641281,-201.44518143585628,0.21693319993435223,0.019303835984307523,6
761.7372876391603,11.637120697551417,-201.3353303637947,0.22657467548699017,0.019303835984307523,6
762.2367466876351,12.12326594301252,-201.22078688302366,0.23621615103962768,0.019303835984307523,6
762.73620573611,12.608284242031779,-201.1015616411994,0.24585762659226518,0.019303835984307523,6
763.235664784585,13.092130508602786,-200.97766572118218,0.2554991021449031,0.019303835984307523,6
763.7351238330598,13.574759765668063,-200.84911064000607,0.2651405776975406,0.019303835984307523,6
764.2345828815347,14.056127149300174,-200.71590834780815,0.27478205325017857,0.019303835984307523,6
764.7340419300097,14.536187912872059,-200.578071226718,0.28442352880281696,0.019303835984307523,6
765.2335009784846,15.014897431216475,-200.43561208970652,0.2940650043554549,0.019303835984307523,6
765.7329600269594,15.4922112047744,-200.28854417939482,0.30370647990809196,0.019303835984307523,6
766.2324190754343,15.968084863731598,-200.13688116682317,0.3133479554607299,0.019303835984307523,6
766.7318781239093,16.442474172142916,-199.98063715018054,0.32298943101336786,0.019303835984307523,6
767.2313371723842,16.91533503204453,-199.81982665349355,0.3326309065660058,0.019303835984307523,6
767.730796220859,17.386623487553088,-199.65446462527677,0.34227238211864375,0.019303835984307523,6
768.230255269334,17.85629572895173,-199.48456643714292,0.35191385767128125,0.019303835984307523,6
768.7297143178089,18.324308096762607,-199.3101478823741,0.36155533322391875,0.019303835984307523,6
769.2291733662837,18.79061708580528,-199.13122517445362,0.3711968087765567,0.019303835984307523,6
769.7286324147586,19.25517934924082,-198.94781494555872,0.3808382843291951,0.019303835984307523,6
770.2280914632336,19.717951702601198,-198.7599342450148,0.3904797598818326,0.019303835984307523,6
770.7275505117085,20.17889112780378,-198.5676005377102,0.40012123543447053,0.019303835984307523,6
771.2270095601834,20.637954777149936,-198.37083170247303,0.4097627109871085,0.019303835984307523,6
771.7264686086583,21.095099977308173,-198.16964603040896,0.419404186539746,0.019303835984307523,6
772.2259276571332,21.55028423328094,-197.96406222320104,0.4290456620923835,0.019303835984307523,6
772.7253867056081,22.00346523235484,-197.75409939137126,0.43868713764502143,0.019303835984307523,6
773.2248457540829,22.454600848033827,-197.53977705250395,0.4483286131976594,0.019303835984307523,6
773.7243048025579,22.903649143955278,-197.32111512943172,0.4579700887502973,0.019303835984307523,6
774.2237638510328,23.350568377788207,-197.09813394838324,0.4676115643029348,0.019303835984307523,6
774.7232228995076,23.79531700511363,-196.8708542370939,0.47725303985557277,0.019303835984307523,6
775.2226819479826,24.237853683286275,-196.63929712287904,0.4868945154082107,0.019303835984307523,6
775.7221409964575,24.67813727527779,-196.40348413066982,0.49653599096084866,0.019303835984307523,6
776.2216000449324,25.116126853500695,-196.16343718101263,0.5061774665134866,0.019303835984307523,6
776.7210590934073,25.551781703612896,-195.91917858803114,0.5158189420661241,0.019303835984307523,6
777.2205181418822,25.985061328302443,-195.67073105735213,0.525460417618762,0.019303835984307523,6
777.7199771903571,26.41592545105192,-195.41811768399492,0.5351018931713996,0.019303835984307523,6
778.219436238832,26.844334019882588,-195.16136195022438,0.5447433687240371,0.019303835984307523,6
778.7188952873069,27.27024721107744,-194.9004877233682,0.554384844276675,0.019303835984307523,6
779.2183543357818,27.69362543288309,-194.6355192535981,0.564026319829313,0.019303835984307523,6
779.7178133842567,28.114429329190138,-194.36648117167584,0.5736677953819509,0.019303835984307523,6
780.2172724327316,28.53261978319164,-194.09339848666332,0.5833092709345893,0.019303835984307523,6
780.7167314812065,28.948157921019188,-193.81629658359807,0.5929507464872263,0.019303835984307523,6
781.2161905296814,29.36100511535674,-193.5352012211333,0.6025922220398643,0.019303835984307523,6
781.7156495781563,29.771122989031092,-193.25013852914356,0.6122336975925022,0.019303835984307523,6
782.2151086266313,30.178473418579436,-192.96113500629582,0.6218751731451402,0.019303835984307523,6
782.7145676751061,30.58301853779311,-192.66821751758619,0.6315166486977777,0.019303835984307523,6
783.214026723581,30.98472074123775,-192.37141329184243,0.6411581242504156,0.019303835984307523,6
783.713485772056,31.383542687748694,-192.07074991919325,0.6507995998030531,0.019303835984307523,6
784.2129448205308,31.77944730390241,-191.7662553485031,0.6604410753556906,0.019303835984307523,6
784.7124038690057,32.17239778746256,-191.45795788477457,0.6700825509083286,0.019303835984307523,6
785.2118629174806,32.56235761080107,-191.1458861865169,0.679724026460967,0.019303835984307523,6
785.7113219659556,32.949290524293644,-190.83006926308218,0.6893655020136049,0.019303835984307523,6
786.2107810144305,33.33316055968949,-190.5105364719687,0.6990069775662429,0.019303835984307523,6
786.7102400629053,33.71393203345473,-190.1873175160917,0.7086484531188799,0.019303835984307523,6
787.2096991113802,34.091569550089616,-189.86044244102257,0.7182899286715179,0.019303835984307523,6
787.7091581598552,34.46603800541858,-189.5299416321958,0.7279314042241558,0.019303835984307523,6
788.20861720833,34.837302589853564,-189.19584581208437,0.7375728797767938,0.019303835984307523,6
788.7080762568049,35.205328791629796,-188.85818603734396,0.7472143553294313,0.019303835984307523,6
789.2075353052799,35.570082400013945,-188.51699369592592,0.7568558308820692,0.019303835984307523,6
789.7069943537547,35.93152950848417,-188.17230050415952,0.7664973064347067,0.019303835984307523,6
790.2064534022296,36.2896365178821,-187.8241385038038,0.7761387819873447,0.019303835984307523,6
790.7059124507045,36.64437013953603,-187.47254005906905,0.785780257539983,0.019303835984307523,6
791.2053714991795,36.9956973983553,-187.1175378536081,0.7954217330926205,0.019303835984307523,6
791.7048305476544,37.34358563589577,-186.75916488747842,0.8050632086452585,0.019303835984307523,6
792.2042895961292,37.68800251339548,-186.39745447407435,0.8147046841978964,0.019303835984307523,6
792.7037486446042,38.028916014780826,-186.0324402370304,0.8243461597505335,0.019303835984307523,6
793.2032076930791,38.366294449642716,-185.66415610709572,0.8339876353031714,0.019303835984307523,6
793.7026667415539,38.700106456182404,-185.29263631898002,0.8436291108558094,0.019303835984307523,6
794.2021257900288,39.0303210041268,-184.91791540817107,0.8532705864084473,0.019303835984307523,6
794.7015848385038,39.356907397612936,-184.5400282077245,0.8629120619610853,0.019303835984307523,6
795.2010438869786,39.6798352780414,-184.15900984502588,0.8725535375137228,0.019303835984307523,6
795.7005029354535,39.999074626898484,-183.77489573852506,0.8821950130663607,0.019303835984307523,6
796.1999619839285,40.314595768546376,-183.38772159444414,0.8918364886189987,0.019303835984307523,6
796.6994210324034,40.626369372982005,-182.997523403458,0.9014779641716366,0.019303835984307523,6
797.1988800808783,40.93436645856327,-182.60433743734907,0.9111194397242741,0.019303835984307523,6
797.6983391293531,41.238558394703254,-182.2082002456351,0.9207609152769121,0.019303835984307523,6
798.1977981778281,41.53891690453154,-181.80914865217215,0.93040239082955,0.019303835984307523,6
798.697257226303,41.835414067522755,-181.4072197517311,0.9400438663821875,0.019303835984307523,6
799.1967162747778,42.1280223220921,-181.0024509065497,0.949685341934825,0.019303835984307523,6
799.6961753232528,42.41671446815726,-180.59487974285938,0.959326817487463,0.019303835984307523,6
800.1956343717277,42.70146366966694,-180.18454414738756,0.9689682930401009,0.019303835984307523,6
800.6950934202025,42.98224345709546,-179.77148226383596,0.9786097685927388,0.019303835984307523,6
801.1945524686776,43.25902772990323,-179.35573248933463,0.9882512441453772,0.019303835984307523,6
801.6940115171524,43.53179075896302,-178.93733347087294,0.9978927196980143,0.019303835984307523,6
802.1934705656273,43.80050718895178,-178.5163241017068,1.0075341952506522,0.019303835984307523,6
802.6929296141022,44.06515204070745,-178.09274351774332,1.0171756708032902,0.019303835984307523,6
803.1923886625771,44.32570071355102,-177.66663109390302,1.0268171463559281,0.019303835984307523,6
803.691847711052,44.582128987573306,-177.2380264404594,1.0364586219085656,0.019303835984307523,6
804.1913067595269,44.83441302588647,-176.80696939935694,1.0461000974612036,0.019303835984307523,6
804.6907658080017,45.082529376839695,-176.37350004050762,1.055741573013841,0.019303835984307523,6
805.1902248564767,45.32645497619928,-175.93765865806597,1.0653830485664786,0.019303835984307523,6
805.6896839049516,45.566167149292646,-175.4994857666835,1.0750245241191165,0.019303835984307523,6
806.1891429534265,45.80164361311602,-175.05902209774263,1.084665999671755,0.019303835984307523,6
806.6886020019015,46.03286247840585,-174.61630859557027,1.0943074752243929,0.019303835984307523,6
807.1880610503763,46.25980225167364,-174.17138641363195,1.1039489507770308,0.019303835984307523,6
807.6875200988512,46.48244183720379,-173.72429691070604,1.1135904263296679,0.019303835984307523,6
808.1869791473262,46.70076053901476,-173.27508164703931,1.1232319018823058,0.019303835984307523,6
808.686438195801,46.91473806278275,-172.82378238048358,1.1328733774349438,0.019303835984307523,6
809.1858972442759,47.124354517728314,-172.37044106261408,1.1425148529875817,0.019303835984307523,6
809.6853562927508,47.32959041846532,-171.91509983482962,1.1521563285402192,0.019303835984307523,6
810.1848153412257,47.530426686812284,-171.4578010244353,1.1617978040928567,0.019303835984307523,6
810.6842743897006,47.72684465356577,-170.99858714070788,1.1714392796454947,0.019303835984307523,6
811.1837334381755,47.91882606023588,-170.53750087094426,1.1810807551981322,0.019303835984307523,6
811.6831924866505,48.10635306074352,-170.0745850764932,1.1907222307507705,0.019303835984307523,6
812.1826515351254,48.28940822307927,-169.60988278877144,1.2003637063034085,0.019303835984307523,6
812.6821105836002,48.46797453092385,-169.14343720526318,1.2100051818560464,0.019303835984307523,6
813.1815696320751,48.64203538522991,-168.67529168550482,1.219646657408684,0.019303835984307523,6
813.6810286805501,48.81157460576508,-168.20548974705426,1.2292881329613214,0.019303835984307523,6
814.1804877290249,48.97657643261598,-167.73407506144565,1.2389296085139594,0.019303835984307523,6
814.6799467774998,49.137025527653186,-167.2610914501298,1.2485710840665973,0.019303835984307523,6
815.1794058259748,49.29290697595709,-166.7865828804008,1.2582125596192353,0.019303835984307523,6
815.6788648744496,49.44420628720439,-166.31059346130866,1.2678540351718728,0.019303835984307523,6
816.1783239229245,49.59090939701493,-165.83316743955922,1.2774955107245103,0.019303835984307523,6
816.6777829713994,49.73300266825925,-165.35434919540103,1.2871369862771487,0.019303835984307523,6
817.1772420198744,49.87047289232613,-164.87418323850008,1.2967784618297866,0.019303835984307523,6
817.6767010683493,50.00330729035047,-164.39271420380197,1.3064199373824246,0.019303835984307523,6
818.1761601168241,50.13149351440119,-163.90998684738307,1.316061412935062,0.019303835984307523,6
818.675619165299,50.255019648629094,-163.42604604228978,1.3257028884877,0.019303835984307523,6
819.175078213774,50.373874210374446,-162.9409367743677,1.3353443640403375,0.019303835984307523,6
819.6745372622488,50.488046151234464,-162.45470413807942,1.344985839592975,0.019303835984307523,6
820.1739963107237,50.59752485809026,-161.96739333231295,1.354627315145613,0.019303835984307523,6
820.6734553591987,50.702300154093486,-161.47904965618,1.364268790698251,0.019303835984307523,6
821.1729144076735,50.802362299612305,-160.98971850480518,1.3739102662508889,0.019303835984307523,6
821.6723734561484,50.89770199313673,-160.49944536510623,1.3835517418035268,0.019303835984307523,6
822.1718325046234,50.98831037214335,-160.00827581156554,1.3931932173561643,0.019303835984307523,6
822.6712915530983,51.07417901391913,-159.51625550199367,1.4028346929088027,0.019303835984307523,6
823.1707506015732,51.15529993634434,-159.0234301732853,1.4124761684614402,0.019303835984307523,6
823.670209650048,51.231665598634514,-158.5298456371676,1.4221176440140777,0.019303835984307523,6
824.169668698523,51.30326890204159,-158.03554777594135,1.431759119566716,0.019303835984307523,6
824.6691277469979,51.37010319051358,-157.54058253821648,1.4414005951193536,0.019303835984307523,6
825.1685867954727,51.43216225131341,-157.04499593464027,1.451042070671991,0.019303835984307523,6
825.6680458439477,51.489440315596475,-156.5488340336205,1.4606835462246286,0.019303835984307523,6
826.1675048924226,51.54193205894679,-156.05214295704303,1.470325021777267,0.019303835984307523,6
826.6669639408974,51.589632601872005,-155.55496887598466,1.4799664973299045,0.019303835984307523,6
827.1664229893724,51.632537510257,-155.0573580064208,1.4896079728825429,0.019303835984307523,6
827.6658820378473,51.67064279577598,-154.5593566049297,1.4992494484351804,0.019303835984307523,6
828.1653410863222,51.70394491626333,-154.0610109643923,1.5088909239878179,0.019303835984307523,6
828.6648001347971,51.73244077604284,-153.56236740968907,1.5185323995404563,0.019303835984307523,6
829.164259183272,51.75612772621542,-153.06347229339397,1.5281738750930938,0.019303835984307523,6
829.6637182317469,51.77500356490544,-152.56437199146526,1.5378153506457313,0.019303835984307523,6
830.1631772802218,51.789066537465295,-152.06511289893473,1.5474568261983697,0.019303835984307523,6
830.6626363286966,51.798315336638574,-151.56574142559506,1.5570983017510072,0.019303835984307523,6
831.1620953771716,51.80274910268165,-151.0663039916854,1.5667397773036447,0.019303835984307523,6
831.6615544256465,51.80236742344342,-150.56684702357649,1.5763812528562822,0.019303835984307523,6
832.1610134741214,51.797170334403795,-150.06741694945487,1.5860227284089206,0.019303835984307523,6
832.6604725225964,51.787158318670286,-149.56806019500712,1.595664203961559,0.019303835984307523,6
833.1599315710712,51.77233230693316,-149.0688231791043,1.6053056795141964,0.019303835984307523,6
833.6593906195461,51.75269367737888,-148.56975230948674,1.614947155066834,0.019303835984307523,6
834.158849668021,51.72824425556204,-148.07089397845036,1.6245886306194715,0.019303835984307523,6
834.6583087164959,51.698986314235604,-147.57229455853397,1.6342301061721098,0.019303835984307523,6
835.1577677649708,51.664922573139755,-147.07400039820882,1.6438715817247473,0.019303835984307523,6
835.6572268134457,51.62605619874888,-146.57605781756996,1.6535130572773848,0.019303835984307523,6
836.1566858619206,51.58239080397744,-146.0785131040305,1.6631545328300232,0.019303835984307523,6
836.6561449103955,51.53393044784395,-145.58141250801896,1.6727960083826607,0.019303835984307523,6
837.1556039588704,51.480679635093786,-145.08480223867988,1.6824374839352982,0.019303835984307523,6
837.6550630073453,51.42264331578034,-144.58872845957825,1.6920789594879366,0.019303835984307523,6
838.1545220558203,51.35982688480495,-144.0932372844085,1.7017204350405741,0.019303835984307523,6
838.6539811042951,51.29223618141538,-143.5983747727076,1.7113619105932125,0.019303835984307523,6
839.15344015277,51.21987748866298,-143.1041869255738,1.72100338614585,0.019303835984307523,6
839.652899201245,51.1427575328187,-142.61071968139015,1.7306448616984884,0.019303835984307523,6
840.1523582497198,51.060883482747776,-142.1180189115546,1.740286337251125,0.019303835984307523,6
840.6518172981947,50.97426294924333,-141.62613041621546,1.7499278128037634,0.019303835984307523,6
841.1512763466696,50.88290398431898,-141.13509992001428,1.759569288356401,0.019303835984307523,6
841.6507353951445,50.78681508046024,-140.6449730678354,1.7692107639090384,0.019303835984307523,6
842.1501944436194,50.68600516983512,-140.15579542056255,1.7788522394616768,0.019303835984307523,6
842.6496534920943,50.58048362346381,-139.66761245084425,1.7884937150143143,0.019303835984307523,6
843.1491125405693,50.470260250347614,-139.18046953886613,1.7981351905669527,0.019303835984307523,6
843.6485715890442,50.35534529655708,-138.6944119681331,1.8077766661195902,0.019303835984307523,6
844.148030637519,50.235749444279556,-138.20948492125945,1.8174181416722277,0.019303835984307523,6
844.647489685994,50.11148381082625,-137.725733475769,1.827059617224866,0.019303835984307523,6
845.1469487344689,49.982559947598766,-137.243202599905,1.8367010927775036,0.019303835984307523,6
845.6464077829437,49.84898983901527,-136.76193714844956,1.846342568330142,0.019303835984307523,6
846.1458668314186,49.71078590139653,-136.28198185855453,1.8559840438827786,0.019303835984307523,6
846.6453258798936,49.56796098181169,-135.80338134558238,1.865625519435417,0.019303835984307523,6
847.1447849283684,49.42052835688403,-135.32618009895938,1.8752669949880545,0.019303835984307523,6
847.6442439768433,49.268501731556846,-134.85042247803966,1.884908470540692,0.019303835984307523,6
848.1437030253182,49.111895237819375,-134.37615270798165,1.8945499460933304,0.019303835984307523,6
848.6431620737932,48.9507234333933,-133.90341487563725,1.9041914216459688,0.019303835984307523,6
849.1426211222681,48.785001300379356,-133.43225292545355,1.9138328971986063,0.019303835984307523,6
849.6420801707429,48.614744243864656,-132.96271065538778,1.9234743727512438,0.019303835984307523,6
850.1415392192179,48.439968090490716,-132.49483171283597,1.9331158483038813,0.019303835984307523,6
850.6409982676928,48.260689086982204,-132.02865959057573,1.9427573238565197,0.019303835984307523,6
851.1404573161676,48.07692389863677,-131.56423762272325,1.9523987994091572,0.019303835984307523,6
851.6399163646425,47.88868960777578,-131.10160898070498,1.9620402749617956,0.019303835984307523,6
852.1393754131175,47.69600371215653,-130.64081666924466,1.9716817505144322,0.019303835984307523,6
852.6388344615923,47.498884123345455,-130.18190352236545,1.9813232260670706,0.019303835984307523,6
853.1382935100673,47.29734916505341,-129.72491219940858,1.990964701619709,0.019303835984307523,6
853.6377525585422,47.091417571432196,-129.26988518106768,2.0006061771723465,0.019303835984307523,6
854.1372116070171,46.88110848533301,-128.8168647654397,2.010247652724985,0.019303835984307523,6
854.636670655492,46.66644145652719,-128.3658930640933,2.0198891282776223,0.019303835984307523,6
855.1361297039668,46.44743643988868,-127.91701199815405,2.02953060383026,0.019303835984307523,6
855.6355887524418,46.22411379353928,-127.47026329440766,2.0391720793828974,0.019303835984307523,6
856.1350478009167,45.996494276956064,-127.02568848142113,2.048813554935535,0.019303835984307523,6
856.6345068493915,45.7645990490417,-126.58332888568235,2.0584550304881732,0.019303835984307523,6
857.1339658978665,45.52844966615762,-126.14322562775865,2.0680965060408107,0.019303835984307523,6
857.6334249463414,45.28806808012009,-125.70541961847405,2.077737981593449,0.019303835984307523,6
858.1328839948162,45.04347663615976,-125.26995155510667,2.0873794571460857,0.019303835984307523,6
858.6323430432913,44.79469807084427,-124.83686191760515,2.097020932698724,0.019303835984307523,6
859.1318020917661,44.541755509965064,-124.40619096482624,2.1066624082513625,0.019303835984307523,6
859.631261140241,44.28467246638747,-123.97797873079216,2.116303883804,0.019303835984307523,6
860.1307201887159,44.02347283786491,-123.55226502096909,2.1259453593566384,0.019303835984307523,6
860.6301792371908,43.75818090481773,-123.12908940856725,2.135586834909276,0.019303835984307523,6
861.1296382856657,43.48882132807582,-122.70849123086197,2.1452283104619134,0.019303835984307523,6
861.6290973341406,43.21541914658645,-122.29050958553711,2.154869786014552,0.019303835984307523,6
862.1285563826156,42.93799977508667,-121.87518332705078,2.1645112615671893,0.019303835984307523,6
862.6280154310904,42.65658900174075,-121.46255106302335,2.174152737119826,0.019303835984307523,6
863.1274744795653,42.37121298574295,-121.05265115064859,2.1837942126724643,0.019303835984307523,6
863.6269335280402,42.08189825488599,-120.64552169312825,2.1934356882251027,0.019303835984307523,6
864.1263925765152,41.78867170309507,-120.24120053613002,2.20307716377774,0.019303835984307523,6
864.62585162499,41.49156058792769,-119.83972526426938,2.2127186393303777,0.019303835984307523,6
865.1253106734649,41.19059252804002,-119.44113319761591,2.222360114883016,0.019303835984307523,6
865.6247697219399,40.8857955006196,-119.04546138822425,2.2320015904356536,0.019303835984307523,6
866.1242287704147,40.577197838784464,-118.6527466166896,2.241643065988292,0.019303835984307523,6
866.6236878188896,40.26482822894959,-118.2630253887289,2.2512845415409295,0.019303835984307523,6
867.1231468673645,39.94871570816006,-117.87633393178723,2.260926017093567,0.019303835984307523,6
867.6226059158395,39.628889661392,-117.49270819167019,2.2705674926462054,0.019303835984307523,6
868.1220649643144,39.30537981882109,-117.11218382920266,2.280208968198843,0.019303835984307523,6
868.6215240127892,38.97821625305871,-116.73479621691361,2.2898504437514804,0.019303835984307523,6
869.1209830612642,38.647429376356676,-116.36058043574812,2.299491919304118,0.019303835984307523,6
869.6204421097391,38.313049937780015,-115.98957127180633,2.3091333948567563,0.019303835984307523,6
870.1199011582139,37.97510902034889,-115.62180321310983,2.318774870409394,0.019303835984307523,6
870.6193602066888,37.63363803814888,-115.25731044639566,2.3284163459620313,0.019303835984307523,6
871.1188192551638,37.288668733410994,-114.89612685393847,2.3380578215146697,0.019303835984307523,6
871.6182783036386,36.94023317356103,-114.53828601040097,2.347699297067307,0.019303835984307523,6
872.1177373521136,36.58836374823852,-114.18382117971274,2.3573407726199456,0.019303835984307523,6
872.6171964005885,36.23309316628607,-113.83276531197833,2.366982248172583,0.019303835984307523,6
873.1166554490634,35.87445445270859,-113.48515104041412,2.3766237237252215,0.019303835984307523,6
873.6161144975383,35.51248094560367,-113.14101067831496,2.386265199277859,0.019303835984307523,6
874.1155735460131,35.1472062930623,-112.80037621605025,2.3959066748304965,0.019303835984307523,6
874.615032594488,34.77866445004118,-112.46327931809044,2.405548150383133,0.019303835984307523,6
875.114491642963,34.40688967520621,-112.12975132006324,2.4151896259357715,0.019303835984307523,6
875.6139506914378,34.03191652774819,-111.79982322584115,2.424831101488409,0.019303835984307523,6
876.1134097399128,33.65377986416994,-111.47352570465911,2.4344725770410474,0.019303835984307523,6
876.6128687883877,33.27251483504639,-111.15088908826375,2.4441140525936857,0.019303835984307523,6
877.1123278368625,32.888156881757,-110.83194336809373,2.4537555281463233,0.019303835984307523,6
877.6117868853376,32.50074173319106,-110.51671819249181,2.4633970036989616,0.019303835984307523,6
878.1112459338124,32.110305402426754,-110.20524286394894,2.473038479251599,0.019303835984307523,6
878.6107049822873,31.716884183383137,-109.89754633638019,2.4826799548042375,0.019303835984307523,6
879.1101640307622,31.320514647446686,-109.59365721243354,2.492321430356874,0.019303835984307523,6
879.609623079237,30.92123364007133,-109.29360374083066,2.5019629059095125,0.019303835984307523,6
880.1090821277119,30.51907827735382,-108.99741381374147,2.511604381462149,0.019303835984307523,6
880.6085411761869,30.114085942583124,-108.70511496419087,2.5212458570147875,0.019303835984307523,6
881.1080002246617,29.706294282765732,-108.41673436349978,2.530887332567425,0.019303835984307523,6
881.6074592731367,29.29574120512575,-108.13229881875901,2.5405288081200634,0.019303835984307523,6
882.1069183216116,28.88246487358147,-107.8518347703376,2.550170283672702,0.019303835984307523,6
882.6063773700864,28.46650370519754,-107.57536828942489,2.5598117592253393,0.019303835984307523,6
883.1058364185615,28.0478963666138,-107.30292507560691,2.5694532347779777,0.019303835984307523,6
883.6052954670363,27.62668177045117,-107.03453045447769,2.5790947103306143,0.019303835984307523,6
884.1047545155112,27.20289907169405,-106.77020937528468,2.5887361858832527,0.019303835984307523,6
884.6042135639861,26.77658766405102,-106.50998640860995,2.59837766143589,-0.019303835984307523,7
885.1017086671851,26.35194764839061,-106.25079471778903,2.5887740975607407,-0.019303835984307523,7
885.5992037703842,25.929816340219535,-105.98753698446966,2.5791705336855912,-0.019303835984307523,7
886.0966988735831,25.51023267175023,-105.72023748831502,2.5695669698104417,-0.019303835984307523,7
886.5941939767821,25.0932353402321,-105.44892088175096,2.5599634059352923,-0.019303835984307523,7
887.091689079981,24.678862804382558,-105.17361218769229,2.5503598420601428,-0.019303835984307523,7
887.5891841831801,24.26715328084006,-104.89433679723497,2.5407562781849933,-0.019303835984307523,7
888.0866792863791,23.85814474063949,-104.6111204673144,2.531152714309844,-0.019303835984307523,7
888.584174389578,23.451874905710206,-104.32398931832985,2.5215491504346947,-0.019303835984307523,7
889.0816694927771,23.0483812453969,-104.03296983173547,2.5119455865595453,-0.019303835984307523,7
889.5791645959761,22.647700973004078,-103.738088847598,2.5023420226843958,-0.019303835984307523,7
890.076659699175,22.249871042363807,-103.43937356212126,2.4927384588092463,-0.019303835984307523,7
890.574154802374,21.85492814442764,-103.13685152513808,2.483134894934097,-0.019303835984307523,7
891.071649905573,21.462908703882626,-102.83055063756926,2.4735313310589473,-0.019303835984307523,7
891.569145008772,21.073848875791985,-102.52049914885042,2.463927767183798,-0.019303835984307523,7
892.066640111971,20.687784542260605,-102.20672565432668,2.4543242033086483,-0.019303835984307523,7
892.56413521517,20.304751309125706,-101.88925909261519,2.444720639433499,-0.019303835984307523,7
893.061630318369,19.924784502672992,-101.56812874293644,2.4351170755583493,-0.019303835984307523,7
893.559125421568,19.547919166378602,-101.24336422241365,2.4255135116832,-0.019303835984307523,7
894.056620524767,19.174190057677112,-100.91499548334144,2.4159099478080504,-0.019303835984307523,7
894.554115627966,18.80363164475596,-100.58305281042331,2.406306383932901,-0.019303835984307523,7
895.0516107311649,18.43627810337649,-100.24756681797855,2.3967028200577514,-0.019303835984307523,7
895.5491058343639,18.072163313722058,-99.9085684471188,2.3870992561826023,-0.019303835984307523,7
896.046600937563,17.71132085727323,-99.56608896289434,2.377495692307453,-0.019303835984307523,7
896.5440960407619,17.35378401371076,-99.22015995141068,2.3678921284323033,-0.019303835984307523,7
897.0415911439609,16.99958575784623,-98.87081331691536,2.358288564557154,-0.019303835984307523,7
897.53908624716,16.648758756580833,-98.51808127885559,2.3486850006820044,-0.019303835984307523,7
898.0365813503589,16.301335365892605,-98.1619963689066,2.339081436806855,-0.019303835984307523,7
898.5340764535579,15.957347627852323,-97.80259142797144,2.3294778729317054,-0.019303835984307523,7
899.0315715567568,15.616827267668295,-97.43989960315204,2.319874309056556,-0.019303835984307523,7
899.5290666599559,15.279805690760462,-97.07395434469221,2.3102707451814064,-0.019303835984307523,7
900.0265617631549,14.946313979863904,-96.70478940289253,2.300667181306257,-0.019303835984307523,7
900.5240568663538,14.61638289216218,-96.33243882499767,2.2910636174311074,-0.019303835984307523,7
901.0215519695529,14.290042856450661,-95.9569369520563,2.281460053555958,-0.019303835984307523,7
901.5190470727518,13.967323970330126,-95.57831841575386,2.2718564896808084,-0.019303835984307523,7
902.0165421759508,13.64825599743096,-95.19661813521859,2.262252925805659,-0.019303835984307523,7
902.5140372791498,13.332868364668101,-94.81187131380103,2.2526493619305095,-0.019303835984307523,7
903.0115323823488,13.021190159527077,-94.42411343582722,2.24304579805536,-0.019303835984307523,7
903.5090274855478,12.71325012738133,-94.03338026332618,2.233442234180211,-0.019303835984307523,7
904.0065225887467,12.409076668841044,-93.63970783273147,2.223838670305061,-0.019303835984307523,7
904.5040176919458,12.108697837133965,-93.24313245155793,2.214235106429912,-0.019303835984307523,7
905.0015127951448,11.812141335517921,-92.84369069505276,2.2046315425547625,-0.019303835984307523,7
905.4990078983437,11.519434514725962,-92.44141940282258,2.195027978679613,-0.019303835984307523,7
905.9965030015428,11.230604370443801,-92.0363556754356,2.1854244148044635,-0.019303835984307523,7
906.4939981047418,10.945677540820077,-91.62853687100004,2.175820850929314,-0.019303835984307523,7
906.9914932079407,10.664680304009583,-91.21800060171857,2.1662172870541645,-0.019303835984307523,7
907.4889883111397,10.38763857574968,-90.80478473041951,2.156613723179015,-0.019303835984307523,7
907.9864834143387,10.114577906970155,-90.38892736706477,2.1470101593038655,-0.019303835984307523,7
908.4839785175377,9.845523481436707,-89.9704668652351,2.137406595428716,-0.019303835984307523,7
908.9814736207367,9.580500113428332,-89.54944181859277,2.1278030315535665,-0.019303835984307523,7
909.4789687239357,9.319532245448723,-89.12589105732222,2.118199467678417,-0.019303835984307523,7
909.9764638271347,9.062643945972024,-88.69985364454885,2.108595903803268,-0.019303835984307523,7
910.4739589303337,8.80985890722301,-88.2713688727362,2.0989923399281185,-0.019303835984307523,7
910.9714540335326,8.56120044299206,-87.84047626006225,2.089388776052969,-0.019303835984307523,7
911.4689491367317,8.316691486484938,-87.40721554677465,2.0797852121778195,-0.019303835984307523,7
911.9664442399306,8.076354588207739,-86.9716266915256,2.07018164830267,-0.019303835984307523,7
912.4639393431296,7.840211913887089,-86.53374986768657,2.0605780844275206,-0.019303835984307523,7
912.9614344463287,7.608285242425858,-86.09362545964312,2.050974520552371,-0.019303835984307523,7
913.4589295495276,7.380595963894535,-85.65129405907047,2.0413709566772216,-0.019303835984307523,7
913.9564246527266,7.157165077558503,-85.2067964611897,2.031767392802072,-0.019303835984307523,7
914.4539197559255,6.938013189941255,-84.76017366100538,2.0221638289269226,-0.019303835984307523,7
914.9514148591246,6.723160512923997,-84.31146684952466,2.012560265051773,-0.019303835984307523,7
915.4489099623236,6.512626861881454,-83.86071740995831,2.0029567011766236,-0.019303835984307523,7
915.9464050655225,6.306431653854407,-83.40796691390408,1.9933531373014741,-0.019303835984307523,7
916.4439001687216,6.104593905758893,-82.95325711751255,1.9837495734263246,-0.019303835984307523,7
916.9413952719206,5.907132232632296,-82.49662995763624,1.9741460095511754,-0.019303835984307523,7
917.4388903751195,5.714064845916543,-82.03812754796162,1.9645424456760257,-0.019303835984307523,7
917.9363854783185,5.525409551778502,-81.5777921751253,1.9549388818008766,-0.019303835984307523,7
918.4338805815175,5.3411837494677386,-81.11566629481383,1.945335317925727,-0.019303835984307523,7
918.9313756847165,5.1614044297118795,-80.65179252784831,1.9357317540505776,-0.019303835984307523,7
919.4288707879155,4.986088173149518,-80.18621365625336,1.9261281901754281,-0.019303835984307523,7
919.9263658911145,4.815251148801078,-79.71897261931154,1.9165246263002786,-0.019303835984307523,7
920.4238609943135,4.64890911257757,-79.25011250960323,1.9069210624251292,-0.019303835984307523,7
920.9213560975124,4.487077405827435,-78.77967656903213,1.8973174985499797,-0.019303835984307523,7
921.4188512007115,4.329770953921667,-78.30770818483728,1.8877139346748302,-0.019303835984307523,7
921.9163463039105,4.17700426487729,-77.83425088559152,1.8781103707996807,-0.019303835984307523,7
922.4138414071094,4.0287914280192965,-77.3593483371869,1.8685068069245312,-0.019303835984307523,7
922.9113365103084,3.8851461126812197,-76.88304433880762,1.8589032430493817,-0.019303835984307523,7
923.4088316135075,3.7460815669444543,-76.40538281889032,1.8492996791742322,-0.019303835984307523,7
923.9063267167064,3.611610616416421,-75.92640783107282,1.8396961152990827,-0.019303835984307523,7
924.4038218199054,3.4817456630476755,-75.44616355013112,1.8300925514239332,-0.019303835984307523,7
924.9013169231043,3.3564986839881,-74.96469426790523,1.820488987548784,-0.019303835984307523,7
925.3988120263034,3.2358812304823026,-74.48204438921421,1.8108854236736345,-0.019303835984307523,7
925.8963071295024,3.1199044268042435,-73.99825842776092,1.8012818597984852,-0.019303835984307523,7
926.3938022327013,3.0085789692312943,-73.51338100202648,1.7916782959233355,-0.019303835984307523,7
926.8912973359004,2.901915125057723,-73.02745683115535,1.7820747320481862,-0.019303835984307523,7
927.3887924390993,2.79992273164779,-72.54053073083088,1.7724711681730367,-0.019303835984307523,7
927.8862875422983,2.7026111955284264,-72.05264760914213,1.7628676042978872,-0.019303835984307523,7
928.3837826454974,2.609989491521759,-71.56385246244201,1.7532640404227378,-0.019303835984307523,7
928.8812777486963,2.522066161917305,-71.07419037119752,1.7436604765475883,-0.019303835984307523,7
929.3787728518953,2.4388493156841946,-70.58370649583188,1.7340569126724388,-0.019303835984307523,7
929.8762679550942,2.3603466277232847,-70.09244607255968,1.7244533487972895,-0.019303835984307523,7
930.3737630582933,2.286565338159292,-69.60045440921469,1.7148497849221398,-0.019303835984307523,7
930.8712581614923,2.217512251673096,-69.10777688107137,1.7052462210469903,-0.019303835984307523,7
931.3687532646912,2.153193736874133,-68.61445892665989,1.6956426571718408,-0.019303835984307523,7
931.8662483678903,2.0936157257130326,-68.12054604357547,1.6860390932966915,-0.019303835984307523,7
932.3637434710893,2.0387837129345456,-67.62608378428227,1.676435529421542,-0.019303835984307523,7
932.8612385742882,1.9887027555707455,-67.13111775191217,1.6668319655463928,-0.019303835984307523,7
933.3587336774872,1.943377472474669,-66.6356935960589,1.6572284016712433,-0.019303835984307523,7
933.8562287806863,1.90281204389429,-66.13985700856784,1.6476248377960938,-0.019303835984307523,7
934.3537238838852,1.8670102110870275,-65.64365371932207,1.6380212739209443,-0.019303835984307523,7
934.8512189870842,1.835975275974647,-65.1471294920247,1.6284177100457948,-0.019303835984307523,7
935.3487140902832,1.8097101008387781,-64.65033011997824,1.6188141461706453,-0.019303835984307523,7
935.8462091934822,1.7882171080569158,-64.15330142186116,1.6092105822954959,-0.019303835984307523,7
936.3437042966812,1.7714982798789904,-63.65608923750218,1.5996070184203464,-0.019303835984307523,7
936.8411993998801,1.7595551582445772,-63.15873942365252,1.590003454545197,-0.019303835984307523,7
937.3386945030792,1.752388844640688,-62.66129784975663,1.5803998906700474,-0.019303835984307523,7
937.8361896062781,1.7500000000001457,-62.16381039372185,1.5707963267948981,0.0,8
938.333500089428,1.750000000000145,-61.66649991057208,1.5707963267948981,0.0,8
938.8308105725777,1.750000000000144,-61.1691894274223,1.5707963267948981,0.0,8
939.3281210557275,1.7500000000001434,-60.67187894427253,1.5707963267948981,0.0,8
939.8254315388773,1.7500000000001428,-60.17456846112275,1.5707963267948981,0.0,8
940.322742022027,1.7500000000001419,-59.67725797797298,1.5707963267948981,0.0,8
940.8200525051768,1.7500000000001412,-59.179947494823196,1.5707963267948981,0.0,8
941.3173629883265,1.7500000000001406,-58.68263701167342,1.5707963267948981,0.0,8
941.8146734714763,1.7500000000001397,-58.185326528523646,1.5707963267948981,0.0,8
942.3119839546262,1.750000000000139,-57.68801604537387,1.5707963267948981,0.0,8
942.8092944377759,1.7500000000001383,-57.190705562224096,1.5707963267948981,0.0,8
943.3066049209257,1.7500000000001374,-56.69339507907432,1.5707963267948981,0.0,8
943.8039154040755,1.7500000000001368,-56.196084595924546,1.5707963267948981,0.0,8
944.3012258872252,1.7500000000001361,-55.69877411277477,1.5707963267948981,0.0,8
944.798536370375,1.7500000000001352,-55.201463629624996,1.5707963267948981,0.0,8
945.2958468535247,1.7500000000001346,-54.70415314647522,1.5707963267948981,0.0,8
945.7931573366745,1.7500000000001337,-54.206842663325446,1.5707963267948981,0.0,8
946.2904678198244,1.750000000000133,-53.70953218017567,1.5707963267948981,0.0,8
946.7877783029741,1.7500000000001323,-53.212221697025896,1.5707963267948981,0.0,8
947.2850887861239,1.7500000000001315,-52.714911213876114,1.5707963267948981,0.0,8
947.7823992692737,1.7500000000001308,-52.21760073072634,1.5707963267948981,0.0,8
948.2797097524234,1.7500000000001301,-51.720290247576564,1.5707963267948981,0.0,8
948.7770202355732,1.7500000000001292,-51.22297976442679,1.5707963267948981,0.0,8
949.2743307187229,1.7500000000001286,-50.725669281277014,1.5707963267948981,0.0,8
949.7716412018727,1.750000000000128,-50.22835879812724,1.5707963267948981,0.0,8
950.2689516850226,1.750000000000127,-49.731048314977464,1.5707963267948981,0.0,8
950.7662621681723,1.7500000000001263,-49.23373783182768,1.5707963267948981,0.0,8
951.2635726513221,1.7500000000001257,-48.73642734867791,1.5707963267948981,0.0,8
951.7608831344719,1.7500000000001248,-48.23911686552814,1.5707963267948981,0.0,8
952.2581936176216,1.7500000000001241,-47.74180638237836,1.5707963267948981,0.0,8
952.7555041007714,1.7500000000001235,-47.24449589922858,1.5707963267948981,0.0,8
953.2528145839212,1.7500000000001226,-46.74718541607881,1.5707963267948981,0.0,8
953.7501250670709,1.750000000000122,-46.24987493292903,1.5707963267948981,0.0,8
954.2474355502208,1.7500000000001212,-45.75256444977926,1.5707963267948981,0.0,8
954.7447460333705,1.7500000000001203,-45.25525396662948,1.5707963267948981,0.0,8
955.2420565165203,1.7500000000001197,-44.75794348347971,1.5707963267948981,0.0,8
955.7393669996701,1.750000000000119,-44.26063300032993,1.5707963267948981,0.0,8
956.2366774828198,1.7500000000001181,-43.76332251718016,1.5707963267948981,0.0,8
956.7339879659696,1.7500000000001175,-43.26601203403038,1.5707963267948981,0.0,8
957.2312984491194,1.7500000000001168,-42.76870155088061,1.5707963267948981,0.0,8
957.7286089322691,1.750000000000116,-42.27139106773083,1.5707963267948981,0.0,8
958.225919415419,1.7500000000001152,-41.77408058458106,1.5707963267948981,0.0,8
958.7232298985687,1.7500000000001146,-41.276770101431275,1.5707963267948981,0.0,8
959.2205403817185,1.7500000000001137,-40.77945961828151,1.5707963267948981,0.0,8
959.7178508648683,1.750000000000113,-40.282149135131725,1.5707963267948981,0.0,8
960.215161348018,1.7500000000001124,-39.78483865198195,1.5707963267948981,0.0,8
960.7124718311678,1.7500000000001115,-39.287528168832175,1.5707963267948981,0.0,8
961.2097823143176,1.7500000000001108,-38.7902176856824,1.5707963267948981,0.0,8
961.7070927974673,1.75000000000011,-38.29290720253262,1.5707963267948981,0.0,8
962.2044032806172,1.7500000000001092,-37.79559671938285,1.5707963267948981,0.0,8
962.701713763767,1.7500000000001086,-37.29828623623307,1.5707963267948981,0.0,8
963.1990242469167,1.7500000000001077,-36.80097575308329,1.5707963267948981,0.0,8
963.6963347300665,1.750000000000107,-36.30366526993352,1.5707963267948981,0.0,8
964.1936452132162,1.7500000000001064,-35.80635478678374,1.5707963267948981,0.0,8
964.690955696366,1.7500000000001055,-35.30904430363397,1.5707963267948981,0.0,8
965.1882661795158,1.7500000000001048,-34.81173382048419,1.5707963267948981,0.0,8
965.6855766626655,1.7500000000001041,-34.31442333733442,1.5707963267948981,0.0,8
966.1828871458154,1.7500000000001033,-33.81711285418464,1.5707963267948981,0.0,8
966.6801976289652,1.7500000000001026,-33.31980237103487,1.5707963267948981,0.0,8
967.1775081121149,1.750000000000102,-32.82249188788509,1.5707963267948981,0.0,8
967.6748185952647,1.750000000000101,-32.32518140473532,1.5707963267948981,0.0,8
968.1721290784144,1.7500000000001004,-31.82787092158554,1.5707963267948981,0.0,8
968.6694395615642,1.7500000000000997,-31.330560438435764,1.5707963267948981,0.0,8
969.166750044714,1.7500000000000988,-30.83324995528599,1.5707963267948981,0.0,8
969.6640605278637,1.7500000000000981,-30.335939472136214,1.5707963267948981,0.0,8
970.1613710110136,1.7500000000000975,-29.838628988986436,1.5707963267948981,0.0,8
970.6586814941634,1.7500000000000966,-29.34131850583666,1.5707963267948981,0.0,8
971.1559919773131,1.750000000000096,-28.844008022686886,1.5707963267948981,0.0,8
971.6533024604629,1.7500000000000953,-28.34669753953711,1.5707963267948981,0.0,8
972.1506129436127,1.7500000000000944,-27.849387056387336,1.5707963267948981,0.0,8
972.6479234267624,1.7500000000000937,-27.352076573237554,1.5707963267948981,0.0,8
973.1452339099122,1.750000000000093,-26.854766090087786,1.5707963267948981,0.0,8
973.6425443930619,1.7500000000000921,-26.35745560693801,1.5707963267948981,0.0,8
974.1398548762118,1.7500000000000915,-25.860145123788236,1.5707963267948981,0.0,8
974.6371653593616,1.7500000000000908,-25.36283464063846,1.5707963267948981,0.0,8
975.1344758425113,1.75000000000009,-24.86552415748868,1.5707963267948981,0.0,8
975.6317863256611,1.7500000000000893,-24.368213674338904,1.5707963267948981,0.0,8
976.1290968088109,1.7500000000000886,-23.87090319118913,1.5707963267948981,0.0,8
976.6264072919606,1.7500000000000877,-23.37359270803936,1.5707963267948981,0.0,8
977.1237177751104,1.750000000000087,-22.87628222488958,1.5707963267948981,0.0,8
977.6210282582601,1.7500000000000862,-22.378971741739804,1.5707963267948981,0.0,8
978.11833874141,1.7500000000000855,-21.88166125859003,1.5707963267948981,0.0,8
978.6156492245598,1.7500000000000848,-21.384350775440254,1.5707963267948981,0.0,8
979.1129597077095,1.750000000000084,-20.88704029229047,1.5707963267948981,0.0,8
979.6102701908593,1.7500000000000833,-20.389729809140697,1.5707963267948981,0.0,8
980.1075806740091,1.7500000000000826,-19.89241932599093,1.5707963267948981,0.0,8
980.6048911571588,1.7500000000000817,-19.395108842841154,1.5707963267948981,0.0,8
981.1022016403086,1.750000000000081,-18.89779835969137,1.5707963267948981,0.0,8
981.5995121234585,1.7500000000000804,-18.400487876541597,1.5707963267948981,0.0,8
982.0968226066082,1.7500000000000795,-17.90317739339182,1.5707963267948981,0.0,8
982.594133089758,1.7500000000000788,-17.405866910242047,1.5707963267948981,0.0,8
983.0914435729077,1.7500000000000782,-16.90855642709227,1.5707963267948981,0.0,8
983.5887540560575,1.7500000000000773,-16.411245943942497,1.5707963267948981,0.0,8
984.0860645392073,1.7500000000000766,-15.913935460792722,1.5707963267948981,0.0,8
984.583375022357,1.750000000000076,-15.416624977642947,1.5707963267948981,0.0,8
985.0806855055068,1.750000000000075,-14.919314494493172,1.5707963267948981,0.0,8
985.5779959886567,1.7500000000000744,-14.42200401134339,1.5707963267948981,0.0,8
986.0753064718064,1.7500000000000737,-13.924693528193615,1.5707963267948981,0.0,8
986.5726169549562,1.7500000000000728,-13.427383045043847,1.5707963267948981,0.0,8
987.0699274381059,1.7500000000000722,-12.930072561894072,1.5707963267948981,0.0,8
987.5672379212557,1.7500000000000715,-12.43276207874429,1.5707963267948981,0.0,8
988.0645484044055,1.7500000000000706,-11.935451595594515,1.5707963267948981,0.0,8
988.5618588875552,1.75000000000007,-11.43814111244474,1.5707963267948981,0.0,8
989.059169370705,1.7500000000000693,-10.940830629294965,1.5707963267948981,0.0,8
989.5564798538549,1.7500000000000684,-10.443520146145183,1.5707963267948981,0.0,8
990.0537903370046,1.7500000000000677,-9.946209662995415,1.5707963267948981,0.0,8
990.5511008201544,1.750000000000067,-9.44889917984564,1.5707963267948981,0.0,8
991.0484113033041,1.7500000000000662,-8.951588696695865,1.5707963267948981,0.0,8
991.5457217864539,1.7500000000000655,-8.454278213546083,1.5707963267948981,0.0,8
992.0430322696037,1.7500000000000648,-7.956967730396308,1.5707963267948981,0.0,8
992.5403427527534,1.750000000000064,-7.459657247246533,1.5707963267948981,0.0,8
993.0376532359032,1.7500000000000633,-6.962346764096758,1.5707963267948981,0.0,8
993.534963719053,1.7500000000000624,-6.46503628094699,1.5707963267948981,0.0,8
994.0322742022028,1.7500000000000617,-5.967725797797208,1.5707963267948981,0.0,8
994.5295846853526,1.750000000000061,-5.470415314647433,1.5707963267948981,0.0,8
995.0268951685023,1.7500000000000602,-4.973104831497658,1.5707963267948981,0.0,8
995.5242056516521,1.7500000000000595,-4.475794348347883,1.5707963267948981,0.0,8
996.0215161348019,1.7500000000000588,-3.9784838651981005,1.5707963267948981,0.0,8
996.5188266179516,1.750000000000058,-3.4811733820483326,1.5707963267948981,0.0,8
997.0161371011014,1.7500000000000573,-2.9838628988985576,1.5707963267948981,0.0,8
997.5134475842513,1.7500000000000566,-2.4865524157487826,1.5707963267948981,0.0,8
998.010758067401,1.7500000000000557,-1.9892419325990005,1.5707963267948981,0.0,8
998.5080685505508,1.750000000000055,-1.4919314494492255,1.5707963267948981,0.0,8
999.0053790337006,1.7500000000000544,-0.9946209662994505,1.5707963267948981,0.0,8
999.5026895168503,1.7500000000000535,-0.4973104831496755,1.5707963267948981,0.0,8
1000.0000000000001,1.7500000000000528,9.947598300641403e-14,1.5707963267948981,0.0,9
1000.4999270316118,1.7500000000000522,0.49992703161176577,1.5707963267948981,0.0,9
1000.9998540632234,1.7500000000000513,0.9998540632234321,1.5707963267948981,0.0,9
1001.4997810948352,1.7500000000000506,1.4997810948350982,1.5707963267948981,0.0,9
1001.9997081264468,1.75000000000005,1.9997081264467647,1.5707963267948981,0.0,9
1002.4996351580585,1.750000000000049,2.499635158058431,1.5707963267948981,0.0,9
1002.9995621896701,1.7500000000000484,2.999562189670097,1.5707963267948981,0.0,9
1003.4994892212818,1.7500000000000475,3.499489221281763,1.5707963267948981,0.0,9
1003.9994162528934,1.7500000000000469,3.99941625289343,1.5707963267948981,0.0,9
1004.4993432845051,1.7500000000000462,4.4993432845050965,1.5707963267948981,0.0,9
1004.9992703161167,1.7500000000000453,4.999270316116762,1.5707963267948981,0.0,9
1005.4991973477285,1.7500000000000446,5.499197347728429,1.5707963267948981,0.0,9
1005.9991243793401,1.750000000000044,5.999124379340095,1.5707963267948981,0.0,9
1006.4990514109518,1.750000000000043,6.499051410951761,1.5707963267948981,0.0,9
1006.9989784425634,1.7500000000000424,6.998978442563427,1.5707963267948981,0.0,9
1007.4989054741751,1.7500000000000417,7.498905474175094,1.5707963267948981,0.0,9
1007.9988325057868,1.7500000000000409,7.99883250578676,1.5707963267948981,0.0,9
1008.4987595373984,1.7500000000000402,8.498759537398426,1.5707963267948981,0.0,9
1008.9986865690101,1.7500000000000393,8.998686569010093,1.5707963267948981,0.0,9
1009.4986136006218,1.7500000000000386,9.49861360062176,1.5707963267948981,0.0,9
1009.9985406322335,1.750000000000038,9.998540632233425,1.5707963267948981,0.0,9
1010.4984676638451,1.750000000000037,10.498467663845092,1.5707963267948981,0.0,9
1010.9983946954568,1.7500000000000364,10.998394695456758,1.5707963267948981,0.0,9
1011.4983217270684,1.7500000000000357,11.498321727068424,1.5707963267948981,0.0,9
1011.9982487586801,1.7500000000000349,11.99824875868009,1.5707963267948981,0.0,9
1012.4981757902917,1.7500000000000342,12.498175790291755,1.5707963267948981,0.0,9
1012.9981028219034,1.7500000000000335,12.998102821903423,1.5707963267948981,0.0,9
1013.498029853515,1.7500000000000326,13.498029853515089,1.5707963267948981,0.0,9
1013.9979568851268,1.750000000000032,13.997956885126754,1.5707963267948981,0.0,9
1014.4978839167385,1.7500000000000313,14.497883916738422,1.5707963267948981,0.0,9
1014.9978109483501,1.7500000000000304,14.997810948350088,1.5707963267948981,0.0,9
1015.4977379799618,1.7500000000000298,15.497737979961755,1.5707963267948981,0.0,9
1015.9976650115734,1.7500000000000289,15.997665011573421,1.5707963267948981,0.0,9
1016.4975920431851,1.7500000000000282,16.497592043185087,1.5707963267948981,0.0,9
1016.9975190747967,1.7500000000000275,16.997519074796752,1.5707963267948981,0.0,9
1017.4974461064085,1.7500000000000266,17.497446106408418,1.5707963267948981,0.0,9
1017.9973731380201,1.750000000000026,17.997373138020087,1.5707963267948981,0.0,9
1018.4973001696318,1.7500000000000253,18.497300169631753,1.5707963267948981,0.0,9
1018.9972272012434,1.7500000000000244,18.99722720124342,1.5707963267948981,0.0,9
1019.4971542328551,1.7500000000000238,19.497154232855085,1.5707963267948981,0.0,9
1019.9970812644667,1.750000000000023,19.99708126446675,1.5707963267948981,0.0,9
1020.4970082960784,1.7500000000000222,20.49700829607842,1.5707963267948981,0.0,9
1020.9969353276902,1.7500000000000215,20.996935327690085,1.5707963267948981,0.0,9
1021.4968623593018,1.7500000000000207,21.49686235930175,1.5707963267948981,0.0,9
1021.9967893909135,1.75000000000002,21.996789390913417,1.5707963267948981,0.0,9
1022.4967164225251,1.7500000000000193,22.496716422525083,1.5707963267948981,0.0,9
1022.9966434541368,1.7500000000000184,22.99664345413675,1.5707963267948981,0.0,9
1023.4965704857484,1.7500000000000178,23.496570485748418,1.5707963267948981,0.0,9
1023.9964975173601,1.750000000000017,23.99649751736008,1.5707963267948981,0.0,9
1024.4964245489718,1.7500000000000162,24.496424548971746,1.5707963267948981,0.0,9
1024.9963515805835,1.7500000000000155,24.99635158058341,1.5707963267948981,0.0,9
1025.496278612195,1.7500000000000149,25.49627861219508,1.5707963267948981,0.0,9
1025.9962056438067,1.750000000000014,25.996205643806746,1.5707963267948981,0.0,9
1026.4961326754185,1.7500000000000133,26.496132675418412,1.5707963267948981,0.0,9
1026.99605970703,1.7500000000000124,26.996059707030078,1.5707963267948981,0.0,9
1027.4959867386417,1.7500000000000118,27.495986738641747,1.5707963267948981,0.0,9
1027.9959137702535,1.750000000000011,27.99591377025341,1.5707963267948981,0.0,9
1028.4958408018651,1.7500000000000102,28.49584080186508,1.5707963267948981,0.0,9
1028.9957678334767,1.7500000000000095,28.995767833476744,1.5707963267948981,0.0,9
1029.4956948650884,1.7500000000000089,29.495694865088414,1.5707963267948981,0.0,9
1029.9956218967002,1.750000000000008,29.995621896700076,1.5707963267948981,0.0,9
1030.4955489283118,1.7500000000000073,30.495548928311745,1.5707963267948981,0.0,9
1030.9954759599234,1.7500000000000067,30.99547595992341,1.5707963267948981,0.0,9
1031.495402991535,1.7500000000000058,31.49540299153508,1.5707963267948981,0.0,9
1031.9953300231468,1.750000000000005,31.995330023146742,1.5707963267948981,0.0,9
1032.4952570547584,1.7500000000000042,32.495257054758405,1.5707963267948981,0.0,9
1032.99518408637,1.7500000000000036,32.995184086370074,1.5707963267948981,0.0,9
1033.4951111179817,1.7500000000000029,33.495111117981736,1.5707963267948981,0.0,9
1033.9950381495935,1.750000000000002,33.995038149593405,1.5707963267948981,0.0,9
1034.494965181205,1.7500000000000013,34.49496518120507,1.5707963267948981,0.0,9
1034.9948922128167,1.7500000000000007,34.99489221281674,1.5707963267948981,0.0,9
1035.4948192444285,1.7499999999999998,35.494819244428406,1.5707963267948981,0.0,9
1035.9947462760401,1.7499999999999991,35.994746276040075,1.5707963267948981,0.0,9
1036.4946733076517,1.7499999999999984,36.49467330765174,1.5707963267948981,0.0,9
1036.9946003392633,1.7499999999999976,36.99460033926341,1.5707963267948981,0.0,9
1037.4945273708752,1.749999999999997,37.49452737087507,1.5707963267948981,0.0,9
1037.9944544024868,1.7499999999999962,37.99445440248674,1.5707963267948981,0.0,9
1038.4943814340984,1.7499999999999953,38.4943814340984,1.5707963267948981,0.0,9
1038.99430846571,1.7499999999999947,38.99430846571007,1.5707963267948981,0.0,9
1039.4942354973218,1.7499999999999938,39.49423549732173,1.5707963267948981,0.0,9
1039.9941625289334,1.7499999999999931,39.9941625289334,1.5707963267948981,0.0,9
1040.494089560545,1.7499999999999925,40.49408956054507,1.5707963267948981,0.0,9
1040.9940165921566,1.7499999999999916,40.99401659215674,1.5707963267948981,0.0,9
1041.4939436237685,1.749999999999991,41.4939436237684,1.5707963267948981,0.0,9
1041.99387065538,1.7499999999999902,41.99387065538007,1.5707963267948981,0.0,9
1042.4937976869917,1.7499999999999893,42.49379768699173,1.5707963267948981,0.0,9
1042.9937247186035,1.7499999999999887,42.9937247186034,1.5707963267948981,0.0,9
1043.4936517502151,1.749999999999988,43.493651750215065,1.5707963267948981,0.0,9
1043.9935787818267,1.7499999999999871,43.993578781826734,1.5707963267948981,0.0,9
1044.4935058134383,1.7499999999999865,44.4935058134384,1.5707963267948981,0.0,9
1044.9934328450502,1.7499999999999856,44.993432845050066,1.5707963267948981,0.0,9
1045.4933598766618,1.749999999999985,45.49335987666173,1.5707963267948981,0.0,9
1045.9932869082734,1.7499999999999842,45.9932869082734,1.5707963267948981,0.0,9
1046.493213939885,1.7499999999999833,46.49321393988507,1.5707963267948981,0.0,9
1046.9931409714968,1.7499999999999827,46.993140971496736,1.5707963267948981,0.0,9
1047.4930680031084,1.749999999999982,47.4930680031084,1.5707963267948981,0.0,9
1047.99299503472,1.7499999999999811,47.99299503472006,1.5707963267948981,0.0,9
1048.4929220663316,1.7499999999999805,48.49292206633173,1.5707963267948981,0.0,9
1048.9928490979435,1.7499999999999798,48.99284909794339,1.5707963267948981,0.0,9
1049.492776129555,1.749999999999979,49.49277612955506,1.5707963267948981,0.0,9
1049.9927031611667,1.7499999999999782,49.99270316116672,1.5707963267948981,0.0,9
1050.4926301927785,1.7499999999999774,50.49263019277839,1.5707963267948981,0.0,9
1050.99255722439,1.7499999999999767,50.99255722439006,1.5707963267948981,0.0,9
1051.4924842560017,1.749999999999976,51.49248425600173,1.5707963267948981,0.0,9
1051.9924112876133,1.7499999999999751,51.99241128761339,1.5707963267948981,0.0,9
1052.4923383192252,1.7499999999999745,52.49233831922506,1.5707963267948981,0.0,9
1052.9922653508368,1.7499999999999738,52.992265350836725,1.5707963267948981,0.0,9
1053.4921923824484,1.749999999999973,53.492192382448394,1.5707963267948981,0.0,9
1053.99211941406,1.7499999999999722,53.992119414060056,1.5707963267948981,0.0,9
1054.4920464456718,1.7499999999999716,54.492046445671726,1.5707963267948981,0.0,9
1054.9919734772834,1.7499999999999707,54.991973477283395,1.5707963267948981,0.0,9
1055.491900508895,1.74999999999997,55.49190050889506,1.5707963267948981,0.0,9
1055.9918275405066,1.7499999999999691,55.99182754050672,1.5707963267948981,0.0,9
1056.4917545721185,1.7499999999999685,56.49175457211839,1.5707963267948981,0.0,9
1056.99168160373,1.7499999999999678,56.99168160373006,1.5707963267948981,0.0,9
1057.4916086353417,1.749999999999967,57.49160863534173,1.5707963267948981,0.0,9
1057.9915356669535,1.7499999999999662,57.99153566695339,1.5707963267948981,0.0,9
1058.491462698565,1.7499999999999656,58.49146269856505,1.5707963267948981,0.0,9
1058.9913897301767,1.7499999999999647,58.99138973017673,1.5707963267948981,0.0,9
1059.4913167617883,1.749999999999964,59.49131676178839,1.5707963267948981,0.0,9
1059.9912437934001,1.7499999999999634,59.99124379340005,1.5707963267948981,0.0,9
1060.4911708250117,1.7499999999999625,60.491170825011714,1.5707963267948981,0.0,9
1060.9910978566234,1.7499999999999618,60.99109785662339,1.5707963267948981,0.0,9
1061.491024888235,1.7499999999999611,61.49102488823505,1.5707963267948981,0.0,9
1061.9909519198468,1.7499999999999603,61.99095191984672,1.5707963267948981,0.0,9
1062.4908789514584,1.7499999999999596,62.490878951458384,1.5707963267948981,0.0,9
1062.99080598307,1.7499999999999587,62.99080598307006,1.5707963267948981,0.0,9
1063.4907330146818,1.749999999999958,63.49073301468172,1.5707963267948981,0.0,9
1063.9906600462934,1.7499999999999574,63.990660046293385,1.5707963267948981,0.0,9
1064.490587077905,1.7499999999999565,64.49058707790505,1.5707963267948981,0.0,9
1064.9905141095167,1.7499999999999558,64.99051410951671,1.5707963267948981,0.0,9
1065.4904411411285,1.7499999999999551,65.49044114112839,1.5707963267948981,0.0,9
1065.99036817274,1.7499999999999543,65.99036817274005,1.5707963267948981,0.0,9
1066.4902952043517,1.7499999999999536,66.49029520435171,1.5707963267948981,0.0,9
1066.9902222359633,1.749999999999953,66.99022223596337,1.5707963267948981,0.0,9
1067.4901492675751,1.749999999999952,67.49014926757505,1.5707963267948981,0.0,9
1067.9900762991867,1.7499999999999514,67.99007629918671,1.5707963267948981,0.0,9
1068.4900033307983,1.7499999999999505,68.49000333079837,1.5707963267948981,0.0,9
1068.98993036241,1.7499999999999498,68.98993036241004,1.5707963267948981,0.0,9
1069.4898573940218,1.7499999999999492,69.48985739402171,1.5707963267948981,0.0,9
1069.9897844256334,1.7499999999999483,69.98978442563337,1.5707963267948981,0.0,9
1070.489711457245,1.7499999999999476,70.48971145724505,1.5707963267948981,0.0,9
1070.9896384888568,1.749999999999947,70.98963848885671,1.5707963267948981,0.0,9
1071.4895655204684,1.749999999999946,71.48956552046839,1.5707963267948981,0.0,9
1071.98949255208,1.7499999999999454,71.98949255208005,1.5707963267948981,0.0,9
1072.4894195836916,1.7499999999999447,72.48941958369171,1.5707963267948981,0.0,9
1072.9893466153035,1.7499999999999438,72.98934661530338,1.5707963267948981,0.0,9
1073.489273646915,1.7499999999999432,73.48927364691505,1.5707963267948981,0.0,9
1073.9892006785267,1.7499999999999423,73.98920067852671,1.5707963267948981,0.0,9
1074.4891277101383,1.7499999999999416,74.48912771013838,1.5707963267948981,-0.01342477796076938,10
1074.9884474037083,1.751673527603772,74.98844366434147,1.564093070777281,-0.01342477796076938,10
1075.4877670972783,1.756694035217858,75.48773718254462,1.5573898147596643,-0.01342477796076938,10
1075.9870867908483,1.7650612972533473,75.98698582975602,1.5506865587420473,-0.01342477796076938,10
1076.4864064844185,1.7767749377401145,76.48616717300007,1.5439833027244305,-0.01342477796076938,10
1076.9857261779885,1.7918344303435982,76.98525878232536,1.5372800467068135,-0.01342477796076938,10
1077.4850458715584,1.8102390983884942,77.48423823181254,1.5305767906891967,-0.01342477796076938,10
1077.9843655651284,1.831988114889155,77.98308310058204,1.5238735346715797,-0.01342477796076938,10
1078.4836852586984,1.8570805025867325,78.48177097380137,1.5171702786539627,-0.01342477796076938,10
1078.9830049522684,1.8855151339931056,78.98027944369247,1.510467022636346,-0.01342477796076938,10
1079.4823246458384,1.9172907314415182,79.47858611053849,1.503763766618729,-0.01342477796076938,10
1079.9816443394086,1.952405867144039,79.97666858369024,1.4970605106011121,-0.01342477796076938,10
1080.4809640329786,1.9908589632556535,80.47450448257241,1.490357254583495,-0.01342477796076938,10
1080.9802837265486,2.0326482919452116,80.97207143768905,1.4836539985658783,-0.01342477796076938,10
1081.4796034201186,2.077771975473041,81.46934709162888,1.4769507425482613,-0.01342477796076938,10
1081.9789231136886,2.1262279862753264,81.96630910006968,1.4702474865306443,-0.01342477796076938,10
1082.4782428072585,2.1780141470552112,82.46293513278248,1.4635442305130275,-0.01342477796076938,10
1082.9775625008285,2.2331281308806465,82.95920287463488,1.4568409744954105,-0.01342477796076938,10
1083.4768821943987,2.291567461288932,83.45509002659368,1.4501377184777937,-0.01342477796076938,10
1083.9762018879687,2.353329512397982,83.95057430672696,1.4434344624601767,-0.01342477796076938,10
1084.4755215815387,2.4184115090243417,84.44563345120517,1.43673120644256,-0.01342477796076938,10
1084.9748412751087,2.486810526807886,84.94024521530166,1.430027950424943,-0.01342477796076938,10
1085.4741609686787,2.5585234923431934,85.43438737439205,1.4233246944073261,-0.01342477796076938,10
1085.9734806622487,2.6335471833176554,85.928037724953,1.416621438389709,-0.01342477796076938,10
1086.4728003558187,2.71187822865629,86.42117408555983,1.409918182372092,-0.01342477796076938,10
1086.9721200493889,2.7935131086731837,86.91377429788318,1.4032149263544753,-0.01342477796076938,10
1087.4714397429589,2.8784481552296604,87.40581622768474,1.3965116703368583,-0.01342477796076938,10
1087.9707594365289,2.9666795518990945,87.89727776581171,1.3898084143192415,-0.01342477796076938,10
1088.4700791300988,3.0582033341384207,88.3881368291904,1.3831051583016245,-0.01342477796076938,10
1088.9693988236688,3.153015389466228,88.8783713618183,1.3764019022840077,-0.01342477796076938,10
1089.4687185172388,3.2511114576475943,89.3679593357553,1.3696986462663907,-0.01342477796076938,10
1089.9680382108088,3.3524871308854998,89.8568787521134,1.362995390248774,-0.01342477796076938,10
1090.467357904379,3.457137854018862,90.34510764204522,1.356292134231157,-0.01342477796076938,10
1090.966677597949,3.565058924727233,90.8326240677311,1.34958887821354,-0.01342477796076938,10
1091.465997291519,3.6762454937421123,91.31940612336491,1.3428856221959231,-0.01342477796076938,10
1091.965316985089,3.790692565064795,91.80543193613832,1.336182366178306,-0.01342477796076938,10
1092.464636678659,3.908394996190893,92.29067966722357,1.3294791101606893,-0.01342477796076938,10
1092.963956372229,4.029347498341396,92.77512751275488,1.3227758541430723,-0.01342477796076938,10
1093.463276065799,4.153544636700328,93.25875370480803,1.3160725981254555,-0.01342477796076938,10
1093.9625957593692,4.2809808306589145,93.74153651237862,1.3093693421078385,-0.01342477796076938,10
1094.4619154529391,4.411650354066386,94.22345424235839,1.3026660860902215,-0.01342477796076938,10
1094.9612351465091,4.545547335487235,94.70448524051002,1.2959628300726047,-0.01342477796076938,10
1095.460554840079,4.682665758465064,95.1846078924402,1.2892595740549877,-0.01342477796076938,10
1095.959874533649,4.822999461792934,95.66380062457068,1.2825563180373707,-0.01342477796076938,10
1096.459194227219,4.966542139790148,96.14204190510777,1.275853062019754,-0.01342477796076938,10
1096.958513920789,5.113287342585692,96.61931024500984,1.2691498060021371,-0.01342477796076938,10
1097.457833614359,5.263228476407943,97.09558419895284,1.26244654998452,-0.01342477796076938,10
1097.9571533079293,5.416358803881018,97.57084236629389,1.255743293966903,-0.01342477796076938,10
1098.4564730014993,5.5726714443274865,98.04506339203297,1.2490400379492863,-0.01342477796076938,10
1098.9557926950692,5.7321593740775505,98.51822596777247,1.2423367819316693,-0.01342477796076938,10
1099.4551123886392,5.894815426784602,98.99030883267451,1.2356335259140525,-0.01342477796076938,10
1099.9544320822092,6.060632293747318,99.46129077441651,1.2289302698964355,-0.01342477796076938,10
1100.4537517757792,6.229602524237968,99.93115063014406,1.2222270138788187,-0.01342477796076938,10
1100.9530714693492,6.401718525837282,100.39986728742205,1.2155237578612017,-0.01342477796076938,10
1101.4523911629194,6.576972564775541,100.86741968518322,1.2088205018435847,-0.01342477796076938,10
1101.9517108564894,6.7553567662801095,101.33378681467453,1.202117245825968,-0.01342477796076938,10
1102.4510305500594,6.936863114929307,101.79894772040117,1.195413989808351,-0.01342477796076938,10
1102.9503502436294,7.121483455012519,102.26288150106814,1.1887107337907339,-0.01342477796076938,10
1103.4496699371994,7.309209490896666,102.72556731051944,1.182007477773117,-0.01342477796076938,10
1103.9489896307693,7.5000327873989905,103.18698435867475,1.1753042217555003,-0.01342477796076938,10
1104.4483093243393,7.693944770166072,103.64711191246361,1.1686009657378833,-0.01342477796076938,10
1104.9476290179095,7.890936726059057,104.10592929675703,1.1618977097202663,-0.01342477796076938,10
1105.4469487114795,8.090999803545216,104.56341589529642,1.1551944537026495,-0.01342477796076938,10
1105.9462684050495,8.294125013095663,105.01955115162009,1.1484911976850327,-0.01342477796076938,10
1106.4455880986195,8.500303227589283,105.47431456998684,1.1417879416674157,-0.01342477796076938,10
1106.9449077921895,8.70952518272285,105.92768571629688,1.1350846856497987,-0.01342477796076938,10
1107.4442274857595,8.921781477427293,106.37964421901006,1.1283814296321817,-0.01342477796076938,10
1107.9435471793295,9.137062574290113,106.83016977006118,1.121678173614565,-0.01342477796076938,10
1108.4428668728997,9.35535879998398,107.2792421257726,1.114974917596948,-0.01342477796076938,10
1108.9421865664697,9.576660345701319,107.72684110776372,1.108271661579331,-0.01342477796076938,10
1109.4415062600397,9.80095726759512,108.17294660385781,1.101568405561714,-0.01342477796076938,10
1109.9408259536096,10.028239487225688,108.6175385689856,1.0948651495440973,-0.01342477796076938,10
1110.4401456471796,10.25849679201356,109.06059702608603,1.0881618935264803,-0.01342477796076938,10
1110.9394653407496,10.49171883569833,109.50210206700388,1.0814586375088635,-0.01342477796076938,10
1111.4387850343196,10.727895138803627,109.94203385338434,1.0747553814912465,-0.01342477796076938,10
1111.9381047278898,10.967015089107898,110.38037261756438,1.0680521254736295,-0.01342477796076938,10
1112.4374244214598,11.209067942121315,110.81709866346092,1.0613488694560127,-0.01342477796076938,10
1112.9367441150298,11.454042821568544,111.25219236745605,1.054645613438396,-0.01342477796076938,10
1113.4360638085998,11.701928719877483,111.68563417927855,1.0479423574207787,-0.01342477796076938,10
1113.9353835021698,11.952714498673778,112.11740462288245,1.041239101403162,-0.01342477796076938,10
1114.4347031957398,12.206388889281431,112.5474842973222,1.034535845385545,-0.01342477796076938,10
1114.9340228893097,12.462940493229077,112.9758538776244,1.027832589367928,-0.01342477796076938,10
1115.43334258288,12.722357782762142,113.40249411565605,1.021129333350311,-0.01342477796076938,10
1115.93266227645,12.984629101360841,113.82738584098956,1.0144260773326943,-0.01342477796076938,10
1116.43198197002,13.249742664263978,114.25050996176405,1.0077228213150775,-0.01342477796076938,10
1116.93130166359,13.517686558998436,114.6718474655433,1.0010195652974605,-0.01342477796076938,10
1117.43062135716,13.788448745914463,115.09137942016991,0.9943163092798435,-0.01342477796076938,10
1117.92994105073,14.062017058726633,115.50908697461618,0.9876130532622267,-0.01342477796076938,10
1118.4292607442999,14.338379205060559,115.92495135983097,0.9809097972446098,-0.01342477796076938,10
1118.92858043787,14.61752276700522,116.3389538895832,0.9742065412269928,-0.01342477796076938,10
1119.42790013144,14.899435201670897,116.75107596130135,0.9675032852093759,-0.01342477796076938,10
1119.92721982501,15.184103841752831,117.16129905690944,0.960800029191759,-0.01342477796076938,10
1120.42653951858,15.471515896100371,117.5696047436591,0.9540967731741421,-0.01342477796076938,10
1120.92585921215,15.761658450291732,117.97597467495778,0.9473935171565252,-0.01342477796076938,10
1121.42517890572,16.054518467214304,118.38039059119316,0.9406902611389082,-0.01342477796076938,10
1121.92449859929,16.350082787650425,118.78283432055356,0.9339870051212914,-0.01342477796076938,10
1122.4238182928602,16.648338130868687,119.18328777984459,0.9272837491036744,-0.01342477796076938,10
1122.9231379864302,16.949271095220684,119.58173297530152,0.9205804930860574,-0.01342477796076938,10
1123.4224576800002,17.252868158743176,119.97815200339792,0.9138772370684406,-0.01342477796076938,10
1123.9217773735702,17.559115679765732,120.37252705165011,0.9071739810508237,-0.01342477796076938,10
1124.4210970671402,17.867999897523628,120.76484039941752,0.9004707250332068,-0.01342477796076938,10
1124.9204167607102,18.17950693277622,121.15507441869894,0.8937674690155899,-0.01342477796076938,10
1125.4197364542802,18.493622788430553,121.5432115749246,0.8870642129979729,-0.01342477796076938,10
1125.9190561478504,18.810333350170293,121.92923442774406,0.8803609569803561,-0.01342477796076938,10
1126.4183758414204,19.12962438708999,122.31312563180992,0.8736577009627391,-0.01342477796076938,10
1126.9176955349903,19.451481552334457,122.69486793755709,0.8669544449451222,-0.01342477796076938,10
1127.4170152285603,19.775890383743455,123.07444419197805,0.8602511889275053,-0.01342477796076938,10
1127.9163349221303,20.10283630450152,123.45183733939336,0.8535479329098884,-0.01342477796076938,10
1128.4156546157003,20.43230462379296,123.82703042221829,0.8468446768922715,-0.01342477796076938,10
1128.9149743092703,20.764280537461936,124.20000658172452,0.8401414208746546,-0.01342477796076938,10
1129.4142940028405,21.098749128677717,124.57074905879793,0.8334381648570376,-0.01342477796076938,10
1129.9136136964105,21.43569536860488,124.93924119469139,0.8267349088394208,-0.01342477796076938,10
1130.4129333899805,21.775104117078662,125.30546643177351,0.8200316528218038,-0.01342477796076938,10
1130.9122530835505,22.11696012328524,125.66940831427245,0.8133283968041869,-0.01342477796076938,10
1131.4115727771205,22.461248026446988,126.03105048901548,0.8066251407865699,-0.01342477796076938,10
1131.9108924706904,22.807952356512704,126.39037670616372,0.799921884768953,-0.01342477796076938,10
1132.4102121642604,23.157057534852733,126.74737081994229,0.7932186287513363,-0.01342477796076938,10
1132.9095318578306,23.508547874959007,127.10201678936585,0.7865153727337193,-0.01342477796076938,10
1133.4088515514006,23.8624075831498,127.45429867895928,0.7798121167161023,-0.01342477796076938,10
1133.9081712449706,24.21862075927947,127.80420065947379,0.7731088606984854,-0.01342477796076938,10
1134.4074909385406,24.5771713974529,128.15170700859827,0.7664056046808685,-0.01342477796076938,10
1134.9068106321106,24.938043386744678,128.4968021116655,0.7597023486632516,-0.01342477796076938,10
1135.4061303256806,25.30122051192302,128.839470462354,0.7529990926456346,-0.01342477796076938,10
1135.9054500192506,25.666686454178375,129.1796966633847,0.7462958366280177,-0.01342477796076938,10
1136.4047697128208,26.0344247918567,129.5174654272128,0.7395925806104009,-0.01342477796076938,10
1136.9040894063908,26.404419001197343,129.85276157671467,0.732889324592784,-0.01342477796076938,10
1137.4034090999608,26.776652457075485,130.18557004586984,0.7261860685751671,-0.01342477796076938,10
1137.9027287935307,27.151108433749204,130.51587588043793,0.7194828125575501,-0.01342477796076938,10
1138.4020484871007,27.527770105610976,130.84366423863062,0.7127795565399332,-0.01342477796076938,10
1138.9013681806707,27.906620547943746,131.16892039177864,0.7060763005223164,-0.01342477796076938,10
1139.4006878742407,28.28764273768141,131.4916297249934,0.6993730445046993,-0.01342477796076938,10
1139.900007567811,28.67081955417368,131.81177773782377,0.6926697884870825,-0.01342477796076938,10
1140.399327261381,29.05613377995544,132.12935004490768,0.6859665324694654,-0.01342477796076938,10
1140.898646954951,29.44356810152031,132.44433237661843,0.6792632764518487,-0.01342477796076938,10
1141.3979666485209,29.833105110098693,132.75671057970595,0.6725600204342318,-0.01342477796076938,10
1141.8972863420909,30.22472730243994,133.06647061793268,0.6658567644166148,-0.01342477796076938,10
1142.3966060356609,30.61841708159883,133.3735985727043,0.6591535083989979,-0.01342477796076938,10
1142.8959257292308,31.01415675772633,133.67808064369518,0.6524502523813809,-0.01342477796076938,10
1143.395245422801,31.411928548864363,133.97990314946838,0.645746996363764,-0.01342477796076938,10
1143.894565116371,31.81171458174492,134.27905252809052,0.6390437403461472,-0.01342477796076938,10
1144.393884809941,32.2134968925931,134.57551533774105,0.6323404843285301,-0.01342477796076938,10
1144.893204503511,32.61725742793426,134.86927825731635,0.6256372283109134,-0.01342477796076938,10
1145.392524197081,33.02297804540534,135.16032808702815,0.6189339722932964,-0.01342477796076938,10
1145.891843890651,33.43064051456989,135.44865174899687,0.6122307162756795,-0.01342477796076938,10
1146.391163584221,33.84022651773739,135.73423628783897,0.6055274602580626,-0.01342477796076938,10
1146.8904832777912,34.25171765078623,136.0170688712493,0.5988242042404456,-0.01342477796076938,10
1147.3898029713612,34.66509542399069,136.29713679057767,0.5921209482228287,-0.01342477796076938,10
1147.8891226649312,35.08034126285175,136.5744274613997,0.5854176922052119,-0.01342477796076938,10
1148.3884423585012,35.497436508931784,136.84892842408263,0.5787144361875948,-0.01342477796076938,10
1148.8877620520711,35.91636242069275,137.12062734434477,0.572011180169978,-0.01342477796076938,10
1149.3870817456411,36.33710017433855,137.38951201381008,0.5653079241523611,-0.01342477796076938,10
1149.886401439211,36.759630864660686,137.6555703505565,0.5586046681347443,-0.01342477796076938,10
1150.385721132781,37.18393550588782,137.91879039965897,0.5519014121171273,-0.01342477796076938,10
1150.8850408263513,37.609995032538784,138.17916033372654,0.5451981560995103,-0.01342477796076938,10
1151.3843605199213,38.03779030027936,138.43666845343375,0.5384949000818935,-0.01342477796076938,10
1151.8836802134913,38.46730208678245,138.6913031880465,0.5317916440642765,-0.01342477796076938,10
1152.3829999070613,38.8985110925918,138.94305309594182,0.5250883880466595,-0.01342477796076938,10
1152.8823196006313,39.331397941989174,139.19190686512204,0.5183851320290427,-0.01342477796076938,10
1153.3816392942012,39.76594318386505,139.437853313723,0.5116818760114257,-0.01342477796076938,10
1153.8809589877712,40.20212729259249,139.68088139051665,0.5049786199938089,-0.01342477796076938,10
1154.3802786813415,40.63993066890469,139.9209801754074,0.4982753639761921,-0.01342477796076938,10
1154.8795983749114,41.079333640775445,140.15813887992306,0.4915721079585751,-0.01342477796076938,10
1155.3789180684814,41.52031646430318,140.39234684769934,0.4848688519409581,-0.01342477796076938,10
1155.8782377620514,41.9628593245981,140.62359355495886,0.4781655959233413,-0.01342477796076938,10
1156.3775574556214,42.406942336672564,140.85186861098396,0.4714623399057243,-0.01342477796076938,10
1156.8768771491914,42.852545546334554,141.07716175858354,0.46475908388810727,-0.01342477796076938,10
1157.3761968427614,43.29964893108425,141.29946287455405,0.4580558278704905,-0.01342477796076938,10
1157.8755165363316,43.748232401013816,141.51876197013434,0.4513525718528737,-0.01342477796076938,10
1158.3748362299016,44.19827579971004,141.73504919145438,0.4446493158352567,-0.01342477796076938,10
1158.8741559234716,44.64975890516,141.94831481997818,0.4379460598176397,-0.01342477796076938,10
1159.3734756170415,45.10266143065977,142.15854927294032,0.4312428038000229,-0.01342477796076938,10
1159.8727953106115,45.55696302572599,142.3657431037768,0.4245395477824059,-0.01342477796076938,10
1160.3721150041815,46.01264327701018,142.56988700254914,0.41783629176478887,-0.01342477796076938,10
1160.8714346977515,46.46968170921606,142.77097179636297,0.4111330357471721,-0.01342477796076938,10
1161.3707543913217,46.92805778601963,142.96898844978017,0.4044297797295553,-0.01342477796076938,10
1161.8700740848917,47.38775091099181,143.1639280652248,0.3977265237119383,-0.01342477796076938,10
1162.3693937784617,47.84874042852396,143.35578188338292,0.3910232676943215,-0.01342477796076938,10
1162.8687134720317,48.3110056247561,143.54454128359615,0.3843200116767045,-0.01342477796076938,10
1163.3680331656017,48.774525728507484,143.73019778424907,0.3776167556590875,-0.01342477796076938,10
1163.8673528591717,49.23927991221005,143.91274304315039,0.3709134996414707,-0.01342477796076938,10
1164.3666725527416,49.70524729284428,144.09216885790755,0.3642102436238537,-0.01342477796076938,10
1164.8659922463119,50.172406932877415,144.26846716629564,0.35750698760623667,-0.01342477796076938,10
1165.3653119398818,50.6407378412044,144.4416300466193,0.3508037315886199,-0.01342477796076938,10
1165.8646316334518,51.11021897409105,144.61164971806903,0.3441004755710029,-0.01342477796076938,10
1166.3639513270218,51.58082923611951,144.7785185410704,0.3373972195533861,-0.01342477796076938,10
1166.8632710205918,52.05254748113635,144.94222901762774,0.3306939635357691,-0.01342477796076938,10
1167.3625907141618,52.525352513202485,145.10277379166075,0.3239907075181523,-0.01342477796076938,10
1167.8619104077318,52.999223087545836,145.2601456493352,0.3172874515005353,-0.01342477796076938,10
1168.361230101302,53.474137911515726,145.4143375193869,0.31058419548291827,-0.01342477796076938,10
1168.860549794872,53.95007564553971,145.5653424734396,0.3038809394653017,-0.01342477796076938,10
1169.359869488442,54.42701490408253,145.71315372631642,0.2971776834476847,-0.01342477796076938,10
1169.859189182012,54.90493425660689,145.8577646363443,0.2904744274300677,-0.01342477796076938,10
1170.358508875582,55.38381222853645,145.9991687056529,0.2837711714124507,-0.01342477796076938,10
1170.857828569152,55.86362730222078,146.1373595804662,0.2770679153948339,-0.01342477796076938,10
1171.357148262722,56.34435791790229,146.27233105138836,0.27036465937721665,-0.01342477796076938,10
1171.856467956292,56.82598247468476,146.40407705368236,0.2636614033596001,-0.01342477796076938,10
1172.3557876498621,57.30847933150426,146.5325916675428,0.2569581473419831,-0.01342477796076938,10
1172.855107343432,57.79182680810127,146.65786911836173,0.25025489132436607,-0.01342477796076938,10
1173.354427037002,58.276003185995,146.77990377698822,0.24355163530674928,-0.01342477796076938,10
1173.853746730572,58.76098670945928,146.89869015998124,0.23684837928913227,-0.01342477796076938,10
1174.353066424142,59.246755586500036,147.01422292985603,0.23014512327151548,-0.01342477796076938,10
1174.852386117712,59.73328798983457,147.126496895324,0.22344186725389847,-0.01342477796076938,10
1175.351705811282,60.22056205787227,147.23550701152595,0.2167386112362817,-0.01342477796076938,10
1175.8510255048523,60.70855589569699,147.34124838025883,0.21003535521866468,-0.01342477796076938,10
1176.3503451984222,61.19724757605078,147.44371625019562,0.20333209920104767,-0.01342477796076938,10
1176.8496648919922,61.68661514031918,147.54290601709909,0.1966288431834311,-0.01342477796076938,10
1177.3489845855622,62.17663659951805,147.63881322402855,0.1899255871658141,-0.01342477796076938,10
1177.8483042791322,62.667289935281325,147.7314335615401,0.18322233114819708,-0.01342477796076938,10
1178.3476239727022,63.15855310085063,147.82076286788026,0.17651907513058007,-0.01342477796076938,10
1178.8469436662722,63.650404022065764,147.90679712917313,0.16981581911296328,-0.01342477796076938,10
1179.3462633598424,64.14282059835666,147.98953247960048,0.16311256309534627,-0.01342477796076938,10
1179.8455830534124,64.63578070373637,148.06896520157574,0.1564093070777295,-0.01342477796076938,10
1180.3449027469824,65.12926218779535,148.1450917259108,0.14970605106011248,-0.01342477796076938,10
1180.8442224405524,65.62324287669664,148.21790863197657,0.1430027950424957,-0.01342477796076938,10
1181.3435421341223,66.11770057417232,148.28741264785654,0.13629953902487868,-0.01342477796076938,10
1181.8428618276923,66.61261306252078,148.3536006504939,0.12959628300726167,-0.01342477796076938,10
1182.3421815212623,67.10795810360509,148.4164696658318,0.12289302698964488,-0.01342477796076938,10
1182.8415012148325,67.60371343985226,148.4760168689471,0.11618977097202787,-0.01342477796076938,10
1183.3408209084025,68.09985679525323,148.5322395841771,0.10948651495441108,-0.01342477796076938,10
1183.8401406019725,68.596365876364,148.58513528523994,0.10278325893679408,-0.01342477796076938,10
1184.3394602955425,69.09321837330717,148.6347015953481,0.09608000291917707,-0.01342477796076938,10
1184.8387799891125,69.59039196077447,148.68093628731515,0.08937674690156006,-0.01342477796076938,10
1185.3380996826825,70.0878642990299,148.7238372836557,0.08267349088394349,-0.01342477796076938,10
1185.8374193762525,70.5856130349137,148.7634026566791,0.07597023486632648,-0.01342477796076938,10
1186.3367390698227,71.08361580284642,148.7996306285757,0.06926697884870947,-0.01342477796076938,10
1186.8360587633927,71.58185022583415,148.83251957149685,0.06256372283109268,-0.01342477796076938,10
1187.3353784569626,72.0802939164739,148.86206800762818,0.05586046681347567,-0.01342477796076938,10
1187.8346981505326,72.57892447795956,148.8882746092558,0.049157210795858886,-0.01342477796076938,10
1188.3340178441026,73.07771950508831,148.9111381988261,0.042453954778241654,-0.01342477796076938,10
1188.8333375376726,73.57665658526719,148.93065774899864,0.03575069876062509,-0.01342477796076938,10
1189.3326572312426,74.07571329952047,148.94683238269215,0.029047442743007856,-0.01342477796076938,10
1189.8319769248128,74.5748672234967,148.95966137312422,0.02234418672539107,-0.01342477796076938,10
1190.3312966183828,75.07409592847654,148.96914414384378,0.015640930707774503,-0.01342477796076938,10
1190.8306163119528,75.57337698238052,148.97528026875693,0.00893767469015705,-0.01342477796076938,10
1191.3299360055228,76.07268795077678,148.97806947214633,0.0022344186725404835,-0.01342477796076938,10
1191.8292556990928,76.57200639788951,148.97751162868332,-0.004468837345076526,-0.01342477796076938,10
1192.3285753926627,77.07130988760672,148.97360676343385,-0.011172093362693536,-0.01342477796076938,10
1192.8278950862327,77.57057598448851,148.96635505185697,-0.017875349380310546,-0.01342477796076938,10
1193.327214779803,78.06978225477525,148.95575681979733,-0.024578605397927333,-0.01342477796076938,10
1193.826534473373,78.56890626739545,148.9418125434703,-0.03128186141554412,-0.01342477796076938,10
1194.325854166943,79.0679255949738,148.9245228494406,-0.03798511743316113,-0.01342477796076938,10
1194.825173860513,79.5668178148388,148.90388851459426,-0.04468837345077792,-0.01342477796076938,10
1195.324493554083,80.0655605100304,148.87991046610364,-0.05139162946839493,-0.01342477796076938,10
1195.8238132476529,80.56413127030713,148.85258978138563,-0.05809488548601194,-0.01342477796076938,10
1196.3231329412229,81.06250769315324,148.82192768805362,-0.06479814150362895,-0.01342477796076938,10
1196.822452634793,81.56066738478515,148.78792556386185,-0.07150139752124551,-0.01342477796076938,10
1197.321772328363,82.05858796115793,148.7505849366439,-0.07820465353886275,-0.01342477796076938,10
1197.821092021933,82.55624704897068,148.7099074842438,-0.08490790955647953,-0.01342477796076938,10
1198.320411715503,83.05362228667225,148.66589503444075,-0.09161116557409632,-0.01342477796076938,10
1198.819731409073,83.55069132546589,148.61854956486704,-0.09831442159171333,-0.01342477796076938,10
1199.319051102643,84.04743183031333,148.56787320291897,-0.10501767760933012,-0.01342477796076938,10
1199.818370796213,84.54382148093855,148.51386822566155,-0.11172093362694713,-0.01342477796076938,10
1200.3176904897832,85.03983797283053,148.45653705972592,-0.11842418964456392,-0.01342477796076938,10
1200.8170101833532,85.5354590182457,148.39588228120044,-0.12512744566218115,-0.01342477796076938,10
1201.3163298769232,86.03066234720916,148.33190661551507,-0.13183070167979793,-0.01342477796076938,10
1201.8156495704932,86.52542570851553,148.2646129373186,-0.13853395769741494,-0.01342477796076938,10
1202.3149692640632,87.01972687072866,148.19400427034964,-0.14523721371503173,-0.01342477796076938,10
1202.8142889576332,87.51354362318062,148.12008378730093,-0.15194046973264852,-0.01342477796076938,10
1203.3136086512031,88.00685377696975,148.04285480967644,-0.1586437257502653,-0.01342477796076938,10
1203.8129283447734,88.49963516595759,147.96232080764236,-0.16534698176788232,-0.01342477796076938,10
1204.3122480383433,88.99186564776487,147.87848539987107,-0.17205023778549955,-0.01342477796076938,10
1204.8115677319133,89.4835231047665,147.7913523533786,-0.17875349380311634,-0.01342477796076938,10
1205.3108874254833,89.97458544508547,147.7009255833554,-0.18545674982073312,-0.01342477796076938,10
1205.8102071190533,90.46503060358538,147.60720915299024,-0.19216000583835013,-0.01342477796076938,10
1206.3095268126233,90.95483654286195,147.51020727328782,-0.19886326185596737,-0.01342477796076938,10
1206.8088465061933,91.4439812542332,147.40992430287952,-0.20556651787358393,-0.01342477796076938,10
1207.3081661997635,91.93244275872846,147.30636474782744,-0.21226977389120072,-0.01342477796076938,10
1207.8074858933335,92.42019910807599,147.19953326142206,-0.21897302990881795,-0.01342477796076938,10
1208.3068055869035,92.90722838568892,147.0894346439731,-0.22567628592643452,-0.01342477796076938,10
1208.8061252804735,93.39350870765051,146.9760738425938,-0.23237954194405175,-0.01342477796076938,10
1209.3054449740434,93.87901822369692,146.85945595097866,-0.23908279796166854,-0.01342477796076938,10
1209.8047646676134,94.36373511819947,146.7395862091746,-0.24578605397928532,-0.01342477796076938,10
1210.3040843611834,94.84763761114469,146.6164700033454,-0.25248930999690233,-0.01342477796076938,10
1210.8034040547536,95.33070395911302,146.49011286552974,-0.25919256601451957,-0.01342477796076938,10
1211.3027237483236,95.81291245625566,146.36052047339268,-0.26589582203213635,-0.01342477796076938,10
1211.8020434418936,96.2942414352702,146.22769864997053,-0.2725990780497529,-0.01342477796076938,10
1212.3013631354636,96.77466926837398,146.091653363409,-0.27930233406737015,-0.01342477796076938,10
1212.8006828290336,97.2541743682759,145.95239072669537,-0.28600559008498694,-0.01342477796076938,10
1213.3000025226036,97.73273518914652,145.80991699738354,-0.2927088461026037,-0.01342477796076938,10
1213.7993222161736,98.21033022758613,145.66423857731297,-0.29941210212022074,-0.01342477796076938,10
1214.2986419097438,98.68693802359098,145.51536201232102,-0.30611535813783797,-0.01342477796076938,10
1214.7979616033138,99.16253716151748,145.36329399194886,-0.3128186141554543,-0.01342477796076938,10
1215.2972812968837,99.63710627104471,145.20804134914067,-0.3195218701730713,-0.01342477796076938,10
1215.7966009904537,100.11062402813438,145.04961105993695,-0.32622512619068855,-0.01342477796076938,10
1216.2959206840237,100.5830691559891,144.8880102431608,-0.33292838220830534,-0.01342477796076938,10
1216.7952403775937,101.05442042600852,144.72324616009814,-0.33963163822592235,-0.01342477796076938,10
1217.2945600711637,101.52465665874304,144.5553262141715,-0.34633489424353914,-0.01342477796076938,10
1217.793879764734,101.99375672484564,144.38425795060718,-0.3530381502611559,-0.01342477796076938,10
1218.293199458304,102.46169954602118,144.21004905609638,-0.35974140627877293,-0.01342477796076938,10
1218.7925191518739,102.92846409597354,144.03270735844978,-0.36644466229639017,-0.01342477796076938,10
1219.2918388454439,103.39402940135038,143.85224082624575,-0.37314791831400695,-0.01342477796076938,10
1219.7911585390138,103.85837454268562,143.66865756847238,-0.3798511743316235,-0.01342477796076938,10
1220.2904782325838,104.32147865533952,143.48196583416293,-0.38655443034924075,-0.01342477796076938,10
1220.7897979261538,104.78332093043582,143.2921740120255,-0.39325768636685754,-0.01342477796076938,10
1221.289117619724,105.24388061579715,143.09929063006572,-0.3999609423844743,-0.01342477796076938,10
1221.788437313294,105.70313701687739,142.9033243552039,-0.40666419840209134,-0.01342477796076938,10
1222.287757006864,106.16106949769141,142.70428399288528,-0.41336745441970857,-0.01342477796076938,10
1222.787076700434,106.6176574817424,142.50217848668467,-0.4200707104373249,-0.01342477796076938,10
1223.286396394004,107.0728804529466,142.29701691790433,-0.42677396645494214,-0.01342477796076938,10
1223.785716087574,107.5267179565549,142.08880850516607,-0.43347722247255915,-0.01342477796076938,10
1224.285035781144,107.97914960007208,141.877562603997,-0.44018047849017594,-0.01342477796076938,10
1224.7843554747142,108.4301550541731,141.6632887064091,-0.44688373450779273,-0.01342477796076938,10
1225.2836751682842,108.8797140536166,141.4459964404728,-0.4535869905254095,-0.01342477796076938,10
1225.7829948618541,109.32780639815543,141.22569556988418,-0.46029024654302675,-0.01342477796076938,10
1226.2823145554241,109.7744119534443,141.00239599352653,-0.46699350256064354,-0.01342477796076938,10
1226.7816342489941,110.21951065194457,140.7761077450253,-0.47369675857826077,-0.01342477796076938,10
1227.280953942564,110.6630824938259,140.5468409922974,-0.48040001459587756,-0.01342477796076938,10
1227.780273636134,111.10510754786489,140.31460603709428,-0.48710327061349434,-0.01342477796076938,10
1228.2795933297043,111.54556595234074,140.079413314539,-0.49380652663111113,-0.01342477796076938,10
1228.7789130232743,111.98443791592761,139.8412733926574,-0.5005097826487279,-0.01342477796076938,10
1229.2782327168443,112.42170371858404,139.60019697190324,-0.5072130386663452,-0.01342477796076938,10
1229.7775524104143,112.85734371243885,139.3561948846774,-0.5139162946839619,-0.01342477796076938,10
1230.2768721039843,113.29133832267415,139.109278094841,-0.5206195507015792,-0.01342477796076938,10
1230.7761917975542,113.72366804840479,138.85945769722304,-0.5273228067191955,-0.01342477796076938,10
1231.2755114911242,114.15431346355486,138.6067449171215,-0.5340260627368127,-0.01342477796076938,10
1231.7748311846944,114.58325521773008,138.3511511097993,-0.5407293187544295,-0.01342477796076938,10
1232.2741508782644,115.01047403708783,138.0926877599739,-0.5474325747720468,-0.01342477796076938,10
1232.7734705718344,115.43595072520279,137.83136648130125,-0.5541358307896636,-0.01342477796076938,10
1233.2727902654044,115.85966616392966,137.56719901585393,-0.5608390868072803,-0.01342477796076938,10
1233.7721099589744,116.28160131426229,137.30019723359365,-0.5675423428248971,-0.01342477796076938,10
1234.2714296525444,116.70173721718893,137.03037313183773,-0.5742455988425139,-0.01342477796076938,10
1234.7707493461144,117.12005499454443,136.75773883472021,-0.5809488548601311,-0.01342477796076938,10
1235.2700690396846,117.53653584985814,136.4823065926469,-0.5876521108777479,-0.01342477796076938,10
1235.7693887332546,117.95116106919886,136.20408878174496,-0.5943553668953652,-0.01342477796076938,10
1236.2687084268246,118.36391202201547,135.92309790330694,-0.601058622912982,-0.01342477796076938,10
1236.7680281203945,118.77477016197417,135.63934658322887,-0.6077618789305987,-0.01342477796076938,10
1237.2673478139645,119.18371702779187,135.35284757144305,-0.6144651349482155,-0.01342477796076938,10
1237.7666675075345,119.59073424406559,135.06361374134502,-0.6211683909658323,-0.01342477796076938,10
1238.2659872011045,119.99580352209826,134.7716580892153,-0.6278716469834495,-0.01342477796076938,10
1238.7653068946745,120.39890666072041,134.47699373363534,-0.6345749030010663,-0.01342477796076938,10
1239.2646265882447,120.80002554710805,134.17963391489795,-0.6412781590186836,-0.01342477796076938,10
1239.7639462818147,121.1991421575965,133.87959199441252,-0.6479814150363004,-0.01342477796076938,10
1240.2632659753847,121.59623855849038,133.5768814541046,-0.6546846710539171,-0.01342477796076938,10
1240.7625856689547,121.99129690686927,133.2715158958101,-0.6613879270715339,-0.01342477796076938,10
1241.2619053625247,122.38429945138952,132.963509040664,-0.6680911830891507,-0.01342477796076938,10
1241.7612250560946,122.77522853308197,132.65287472848405,-0.674794439106768,-0.01342477796076938,10
1242.2605447496646,123.16406658614522,132.33962691714876,-0.6814976951243847,-0.01342477796076938,10
1242.7598644432348,123.55079613873518,132.02377968197015,-0.688200951142002,-0.01342477796076938,10
1243.2591841368048,123.93539981374987,131.70534721506144,-0.6949042071596188,-0.01342477796076938,10
1243.7585038303748,124.31786032961053,131.3843438246993,-0.7016074631772355,-0.01342477796076938,10
1244.2578235239448,124.69816050103785,131.06078393468087,-0.7083107191948523,-0.01342477796076938,10
1244.7571432175148,125.07628323982435,130.73468208367575,-0.7150139752124691,-0.01342477796076938,10
1245.2564629110848,125.4522115556022,130.40605292457263,-0.7217172312300864,-0.01342477796076938,10
1245.7557826046548,125.82592855660656,130.074911223821,-0.7284204872477031,-0.01342477796076938,10
1246.255102298225,126.19741745043466,129.74127186076743,-0.7351237432653204,-0.01342477796076938,10
1246.754421991795,126.56666154480027,129.40514982698738,-0.7418269992829367,-0.01342477796076938,10
1247.253741685365,126.93364424828398,129.066560225611,-0.748530255300554,-0.01342477796076938,10
1247.753061378935,127.29834907107828,128.72551827064513,-0.7552335113181707,-0.01342477796076938,10
1248.252381072505,127.6607596257289,128.38203928628917,-0.7619367673357875,-0.01342477796076938,10
1248.751700766075,128.020859627871,128.0361387062468,-0.7686400233534048,-0.01342477796076938,10
1249.251020459645,128.37863289696085,127.68783207303238,-0.7753432793710215,-0.01342477796076938,10
1249.750340153215,128.7340633570029,127.33713503727265,-0.7820465353886383,-0.01342477796076938,10
1250.249659846785,129.0871350372722,126.98406335700334,-0.7887497914062551,-0.01342477796076938,10
1250.748979540355,129.43783207303196,126.62863289696125,-0.7954530474238724,-0.01342477796076938,10
1251.248299233925,129.78613870624636,126.27085962787143,-0.8021563034414891,-0.01342477796076938,10
1251.747618927495,130.13203928628874,125.91075962572931,-0.8088595594591064,-0.01342477796076938,10
1252.246938621065,130.4755182706447,125.54834907107869,-0.8155628154767232,-0.01342477796076938,10
1252.7462583146353,130.81656022561063,125.18364424828437,-0.8222660714943404,-0.01342477796076938,10
1253.245578008205,131.15514982698696,124.81666154480071,-0.8289693275119567,-0.01342477796076938,10
1253.7448977017752,131.49127186076703,124.44741745043507,-0.8356725835295735,-0.01342477796076938,10
1254.2442173953452,131.8249112238206,124.07592855660695,-0.8423758395471908,-0.01342477796076938,10
1254.7435370889152,132.15605292457224,123.70221155560262,-0.8490790955648075,-0.01342477796076938,10
1255.2428567824852,132.48468208367535,123.32628323982476,-0.8557823515824248,-0.01342477796076938,10
1255.7421764760552,132.81078393468047,122.94816050103825,-0.8624856076000416,-0.01342477796076938,10
1256.2414961696252,133.1343438246989,122.56786032961094,-0.8691888636176583,-0.01342477796076938,10
1256.7408158631952,133.45534721506104,122.1853998137503,-0.8758921196352751,-0.01342477796076938,10
1257.2401355567654,133.77377968196976,121.80079613873556,-0.8825953756528924,-0.01342477796076938,10
1257.7394552503354,134.08962691714837,121.41406658614565,-0.8892986316705092,-0.01342477796076938,10
1258.2387749439054,134.40287472848368,121.02522853308238,-0.8960018876881259,-0.01342477796076938,10
1258.7380946374753,134.7135090406636,120.63429945138995,-0.9027051437057432,-0.01342477796076938,10
1259.2374143310453,135.0215158958097,120.24129690686969,-0.90940839972336,-0.01342477796076938,10
1259.7367340246153,135.3268814541042,119.84623855849082,-0.9161116557409767,-0.01342477796076938,10
1260.2360537181853,135.62959199441215,119.44914215759695,-0.9228149117585935,-0.01342477796076938,10
1260.7353734117555,135.92963391489758,119.05002554710845,-0.9295181677762108,-0.01342477796076938,10
1261.2346931053255,136.22699373363497,118.64890666072083,-0.9362214237938276,-0.01342477796076938,10
1261.7340127988955,136.52165808921495,118.24580352209867,-0.9429246798114448,-0.01342477796076938,10
1262.2333324924655,136.81361374134465,117.84073424406601,-0.9496279358290616,-0.01342477796076938,10
1262.7326521860355,137.10284757144265,117.43371702779228,-0.9563311918466784,-0.01342477796076938,10
1263.2319718796055,137.3893465832285,117.02477016197463,-0.9630344478642947,-0.01342477796076938,10
1263.7312915731757,137.67309790330657,116.61391202201587,-0.9697377038819124,-0.01342477796076938,10
1264.2306112667457,137.9540887817446,116.2011610691993,-0.9764409598995287,-0.01342477796076938,10
1264.7299309603156,138.23230659264652,115.78653584985857,-0.983144215917146,-0.01342477796076938,10
1265.2292506538856,138.50773883471982,115.37005499454486,-0.9898474719347627,-0.01342477796076938,10
1265.7285703474556,138.78037313183737,114.95173721718938,-0.99655072795238,-0.01342477796076938,10
1266.2278900410256,139.05019723359325,114.53160131426272,-1.0032539839699968,-0.01342477796076938,10
1266.7272097345956,139.31719901585356,114.10966616393011,-1.0099572399876136,-0.01342477796076938,10
1267.2265294281656,139.58136648130088,113.68595072520321,-1.0166604960052303,-0.01342477796076938,10
1267.7258491217358,139.84268775997353,113.26047403708827,-1.0233637520228471,-0.01342477796076938,10
1268.2251688153058,140.10115110979896,112.83325521773048,-1.0300670080404648,-0.01342477796076938,10
1268.7244885088758,140.35674491712112,112.40431346355525,-1.0367702640580816,-0.01342477796076938,10
1269.2238082024458,140.60945769722264,111.97366804840527,-1.043473520075698,-0.01342477796076938,10
1269.7231278960157,140.85927809484065,111.54133832267459,-1.0501767760933147,-0.01342477796076938,10
1270.2224475895857,141.10619488467705,111.10734371243927,-1.056880032110932,-0.01342477796076938,10
1270.7217672831557,141.3501969719029,110.6717037185845,-1.0635832881285487,-0.01342477796076938,10
1271.221086976726,141.59127339265706,110.23443791592807,-1.070286544146166,-0.01342477796076938,10
1271.720406670296,141.82941331453864,109.79556595234118,-1.0769898001637828,-0.01342477796076938,10
1272.219726363866,142.0646060370939,109.35510754786534,-1.0836930561813995,-0.01342477796076938,10
1272.719046057436,142.29684099229706,108.91308249382632,-1.0903963121990168,-0.01342477796076938,10
1273.2183657510059,142.52610774502497,108.469510651945,-1.0970995682166336,-0.01342477796076938,10
1273.7176854445759,142.7523959935262,108.02441195344474,-1.1038028242342504,-0.01342477796076938,10
1274.2170051381459,142.97569556988384,107.57780639815589,-1.1105060802518671,-0.01342477796076938,10
1274.716324831716,143.19599644047244,107.12971405361705,-1.1172093362694844,-0.01342477796076938,10
1275.215644525286,143.41328870640876,106.68015505417355,-1.1239125922871012,-0.01342477796076938,10
1275.714964218856,143.62756260399667,106.22914960007253,-1.130615848304718,-0.01342477796076938,10
1276.214283912426,143.83880850516573,105.77671795655536,-1.1373191043223347,-0.01342477796076938,10
1276.713603605996,144.04701691790396,105.32288045294709,-1.1440223603399515,-0.01342477796076938,10
1277.212923299566,144.2521784866843,104.86765748174287,-1.1507256163575688,-0.01342477796076938,10
1277.712242993136,144.45428399288494,104.41106949769186,-1.1574288723751855,-0.01342477796076938,10
1278.2115626867062,144.65332435520355,103.95313701687783,-1.1641321283928028,-0.01342477796076938,10
1278.7108823802762,144.84929063006538,103.49388061579762,-1.1708353844104196,-0.01342477796076938,10
1279.2102020738462,145.04217401202513,103.0333209304363,-1.177538640428036,-0.01342477796076938,10
1279.7095217674162,145.2319658341626,102.57147865533994,-1.1842418964456536,-0.01342477796076938,10
1280.2088414609862,145.418657568472,102.10837454268614,-1.19094515246327,-0.01342477796076938,10
1280.7081611545561,145.60224082624543,101.64402940135082,-1.1976484084808872,-0.01342477796076938,10
1281.2074808481261,145.78270735844944,101.17846409597398,-1.204351664498504,-0.01342477796076938,10
1281.7068005416963,145.96004905609604,100.71169954602162,-1.2110549205161212,-0.01342477796076938,10
1282.2061202352663,146.13425795060684,100.2437567248461,-1.217758176533738,-0.01342477796076938,10
1282.7054399288363,146.30532621417115,99.7746566587435,-1.2244614325513548,-0.01342477796076938,10
1283.2047596224063,146.47324616009783,99.30442042600897,-1.2311646885689715,-0.01342477796076938,10
1283.7040793159763,146.63801024316047,98.83306915598956,-1.2378679445865883,-0.01342477796076938,10
1284.2033990095463,146.7996110599366,98.36062402813482,-1.2445712006042056,-0.01342477796076938,10
1284.7027187031163,146.95804134914036,97.88710627104516,-1.2512744566218228,-0.01342477796076938,10
1285.2020383966865,147.11329399194852,97.41253716151797,-1.2579777126394391,-0.01342477796076938,10
1285.7013580902565,147.2653620123207,96.93693802359144,-1.264680968657056,-0.01342477796076938,10
1286.2006777838264,147.41423857731263,96.46033022758658,-1.2713842246746732,-0.01342477796076938,10
1286.6999974773964,147.5599169973832,95.982735189147,-1.27808748069229,-0.01342477796076938,10
1287.1993171709664,147.70239072669503,95.50417436827638,-1.2847907367099067,-0.01342477796076938,10
1287.6986368645364,147.84165336340868,95.02466926837444,-1.291493992727524,-0.01342477796076938,10
1288.1979565581064,147.9776986499702,94.54424143527068,-1.2981972487451408,-0.01342477796076938,10
1288.6972762516766,148.1105204733924,94.0629124562561,-1.304900504762758,-0.01342477796076938,10
1289.1965959452466,148.24011286552943,93.58070395911345,-1.3116037607803748,-0.01342477796076938,10
1289.6959156388166,148.36647000334509,93.09763761114517,-1.3183070167979916,-0.01342477796076938,10
1290.1952353323866,148.4895862091743,92.61373511819995,-1.3250102728156083,-0.01342477796076938,10
1290.6945550259566,148.60945595097837,92.12901822369737,-1.3317135288332256,-0.01342477796076938,10
1291.1938747195265,148.7260738425935,91.64350870765097,-1.3384167848508424,-0.01342477796076938,10
1291.6931944130965,148.8394346439728,91.15722838568942,-1.3451200408684592,-0.01342477796076938,10
1292.1925141066667,148.94953326142175,90.67019910807646,-1.351823296886076,-0.01342477796076938,10
1292.6918338002367,149.05636474782713,90.18244275872897,-1.3585265529036927,-0.01342477796076938,10
1293.1911534938067,149.15992430287923,89.69398125423366,-1.36522980892131,-0.01342477796076938,10
1293.6904731873767,149.26020727328753,89.20483654286241,-1.3719330649389267,-0.01342477796076938,10
1294.1897928809467,149.35720915298992,88.71503060358583,-1.378636320956544,-0.01342477796076938,10
1294.6891125745167,149.4509255833551,88.22458544508594,-1.3853395769741608,-0.01342477796076938,10
1295.1884322680867,149.5413523533783,87.73352310476693,-1.392042832991778,-0.01342477796076938,10
1295.6877519616569,149.62848539987075,87.2418656477653,-1.3987460890093948,-0.01342477796076938,10
1296.1870716552269,149.71232080764204,86.74963516595808,-1.4054493450270111,-0.01342477796076938,10
1296.6863913487969,149.79285480967613,86.25685377697027,-1.412152601044628,-0.01342477796076938,10
1297.1857110423668,149.87008378730064,85.76354362318112,-1.4188558570622452,-0.01342477796076938,10
1297.6850307359368,149.94400427034935,85.2697268707291,-1.4255591130798624,-0.01342477796076938,10
1298.1843504295068,150.0146129373183,84.77542570851598,-1.4322623690974792,-0.01342477796076938,10
1298.6836701230768,150.08190661551478,84.28066234720963,-1.438965625115096,-0.01342477796076938,10
1299.182989816647,150.14588228120016,83.78545901824617,-1.4456688811327127,-0.01342477796076938,10
1299.682309510217,150.2065370597256,83.289837972831,-1.45237213715033,-0.01342477796076938,10
1300.181629203787,150.26386822566124,82.793821480939,-1.4590753931679468,-0.01342477796076938,10
1300.680948897357,150.3178732029187,82.29743183031378,-1.465778649185564,-0.01342477796076938,10
1301.180268590927,150.36854956486673,81.80069132546637,-1.4724819052031803,-0.01342477796076938,10
1301.679588284497,150.41589503444047,81.30362228667275,-1.4791851612207971,-0.01342477796076938,10
1302.178907978067,150.4599074842435,80.8062470489711,-1.4858884172384148,-0.01342477796076938,10
1302.6782276716372,150.5005849366436,80.3085879611584,-1.4925916732560311,-0.01342477796076938,10
1303.1775473652071,150.5379255638616,79.81066738478567,-1.499294929273648,-0.01342477796076938,10
1303.6768670587771,150.57192768805334,79.3125076931537,-1.5059981852912652,-0.01342477796076938,10
1304.1761867523471,150.60258978138538,78.81413127030757,-1.5127014413088824,-0.01342477796076938,10
1304.675506445917,150.62991046610333,78.31556051003083,-1.5194046973264992,-0.01342477796076938,10
1305.174826139487,150.653888514594,77.81681781483927,-1.526107953344116,-0.01342477796076938,10
1305.674145833057,150.6745228494403,77.31792559497427,-1.5328112093617328,-0.01342477796076938,10
1306.173465526627,150.69181254347,76.81890626739596,-1.539514465379349,-0.01342477796076938,10
1306.6727852201973,150.70575681979705,76.3197822547757,-1.5462177213969668,-0.01342477796076938,10
1307.1721049137673,150.7163550518567,75.82057598448894,-1.552920977414584,-0.01342477796076938,10
1307.6714246073373,150.72360676343357,75.32130988760717,-1.5596242334322004,-0.01342477796076938,10
1308.1707443009072,150.72751162868306,74.82200639789,-1.5663274894498171,-0.01342477796076938,10
1308.6700639944772,150.72806947214605,74.32268795077725,-1.5730307454674344,-0.01342477796076938,10
1309.1693836880472,150.72528026875665,73.82337698238098,-1.5797340014850512,-0.01342477796076938,10
1309.6687033816174,150.7191441438435,73.32409592847704,-1.586437257502668,-0.01342477796076938,10
1310.1680230751874,150.70966137312396,72.82486722349717,-1.5931405135202852,-0.01342477796076938,10
1310.6673427687574,150.6968323826919,72.32571329952093,-1.599843769537902,-0.01342477796076938,10
1311.1666624623274,150.68065774899836,71.82665658526764,-1.6065470255555192,-0.01342477796076938,10
1311.6659821558974,150.66113819882588,71.32771950508875,-1.613250281573136,-0.01342477796076938,10
1312.1653018494674,150.63827460925557,70.82892447796003,-1.6199535375907528,-0.01342477796076938,10
1312.6646215430374,150.6120680076279,70.3302939164744,-1.6266567936083691,-0.01342477796076938,10
1313.1639412366073,150.5825195714966,69.83185022583463,-1.6333600496259864,-0.01342477796076938,10
1313.6632609301776,150.54963062857541,69.33361580284688,-1.6400633056436036,-0.01342477796076938,10
1314.1625806237475,150.51340265667886,68.83561303491418,-1.6467665616612204,-0.01342477796076938,10
1314.6619003173175,150.47383728365546,68.3378642990304,-1.6534698176788372,-0.01342477796076938,10
1315.1612200108875,150.4309362873149,67.84039196077494,-1.660173073696454,-0.01342477796076938,10
1315.6605397044575,150.38470159534788,67.34321837330762,-1.6668763297140712,-0.01342477796076938,10
1316.1598593980275,150.33513528523972,66.84636587636447,-1.673579585731688,-0.01342477796076938,10
1316.6591790915977,150.28223958417686,66.34985679525371,-1.6802828417493048,-0.01342477796076938,10
1317.1584987851677,150.22601686894686,65.85371343985271,-1.686986097766922,-0.01342477796076938,10
1317.6578184787377,150.16646966583158,65.3579581036056,-1.6936893537845383,-0.01342477796076938,10
1318.1571381723077,150.10360065049363,64.86261306252122,-1.700392609802156,-0.01342477796076938,10
1318.6564578658777,150.0374126478563,64.3677005741728,-1.7070958658197724,-0.01342477796076938,10
1319.1557775594476,149.96790863197631,63.87324287669714,-1.7137991218373891,-0.01342477796076938,10
1319.6550972530176,149.89509172591056,63.379262187795824,-1.7205023778550064,-0.01342477796076938,10
1320.1544169465878,149.8189652015755,62.88578070373683,-1.7272056338726236,-0.01342477796076938,10
1320.6537366401578,149.73953247960023,62.39282059835712,-1.7339088898902404,-0.01342477796076938,10
1321.1530563337278,149.6567971291729,61.90040402206623,-1.7406121459078572,-0.01342477796076938,10
1321.6523760272978,149.57076286788003,61.40855310085111,-1.747315401925474,-0.01342477796076938,10
1322.1516957208678,149.48143356153986,60.917289935281815,-1.7540186579430908,-0.01342477796076938,10
1322.6510154144378,149.38881322402833,60.42663659951851,-1.760721913960708,-0.01342477796076938,10
1323.1503351080078,149.2929060170989,59.93661514031967,-1.7674251699783248,-0.01342477796076938,10
1323.6496548015778,149.1937162501954,59.44724757605125,-1.7741284259959416,-0.01342477796076938,10
1324.1489744951477,149.09124838025858,58.95855589569747,-1.7808316820135583,-0.01342477796076938,10
1324.648294188718,148.98550701152575,58.47056205787274,-1.7875349380311756,-0.01342477796076938,10
1325.147613882288,148.87649689532375,57.98328798983505,-1.7942381940487924,-0.01342477796076938,10
1325.646933575858,148.7642229298558,57.49675558650052,-1.8009414500664092,-0.01342477796076938,10
1326.146253269428,148.64869015998102,57.01098670945976,-1.807644706084026,-0.01342477796076938,10
1326.645572962998,148.529903776988,56.526003185995464,-1.8143479621016432,-0.01342477796076938,10
1327.1448926565681,148.4078691183615,56.0418268081017,-1.8210512181192604,-0.01342477796076938,10
1327.644212350138,148.28259166754256,55.55847933150471,-1.8277544741368772,-0.01342477796076938,10
1328.143532043708,148.15407705368213,55.07598247468522,-1.834457730154494,-0.01342477796076938,10
1328.642851737278,148.02233105138816,54.59435791790277,-1.8411609861721103,-0.01342477796076938,10
1329.142171430848,147.88735958046598,54.11362730222123,-1.847864242189728,-0.01342477796076938,10
1329.641491124418,147.74916870565266,53.6338122285369,-1.8545674982073448,-0.01342477796076938,10
1330.140810817988,147.60776463634411,53.154934256607355,-1.8612707542249616,-0.01342477796076938,10
1330.6401305115583,147.46315372631622,52.67701490408298,-1.8679740102425788,-0.01342477796076938,10
1331.139450205128,147.31534247343942,52.2000756455402,-1.8746772662601952,-0.01342477796076938,10
1331.6387698986982,147.16433751938666,51.72413791151617,-1.8813805222778124,-0.01342477796076938,10
1332.1380895922682,147.010145649335,51.249223087546326,-1.8880837782954287,-0.01342477796076938,10
1332.6374092858382,146.85277379166055,50.77535251320296,-1.894787034313046,-0.01342477796076938,10
1333.1367289794082,146.69222901762757,50.30254748113682,-1.9014902903306627,-0.01342477796076938,10
1333.6360486729782,146.5285185410702,49.830829236119975,-1.90819354634828,-0.01342477796076938,10
1334.1353683665484,146.3616497180688,49.36021897409147,-1.9148968023658972,-0.01342477796076938,10
1334.6346880601182,146.19163004661914,48.89073784120487,-1.9216000583835136,-0.01342477796076938,10
1335.1340077536884,146.01846716629544,48.422406932877855,-1.9283033144011308,-0.01342477796076938,10
1335.6333274472584,145.84216885790738,47.95524729284476,-1.9350065704187471,-0.01342477796076938,10
1336.1326471408283,145.6627430431502,47.48927991221053,-1.9417098264363644,-0.01342477796076938,10
1336.6319668343983,145.48019778424887,47.024525728507896,-1.948413082453982,-0.01342477796076938,10
1337.1312865279683,145.29454128359595,46.56100562475656,-1.9551163384715984,-0.01342477796076938,10
1337.6306062215383,145.10578188338275,46.098740428524465,-1.9618195944892147,-0.01342477796076938,10
1338.1299259151085,144.9139280652246,45.63775091099222,-1.9685228505068328,-0.01342477796076938,10
1338.6292456086785,144.71898844978,45.17805778602008,-1.9752261065244492,-0.01342477796076938,10
1339.1285653022485,144.5209717963628,44.719681709216516,-1.981929362542066,-0.01342477796076938,10
1339.6278849958185,144.3198870025489,44.262643277010596,-1.9886326185596832,-0.01342477796076938,10
1340.1272046893885,144.1157431037766,43.80696302572645,-1.9953358745772996,-0.01342477796076938,10
1340.6265243829585,143.90854927294015,43.352661430660206,-2.002039130594917,-0.01342477796076938,10
1341.1258440765287,143.69831481997798,42.89975890516044,-2.008742386612534,-0.01342477796076938,10
1341.6251637700984,143.48504919145418,42.44827579971049,-2.0154456426301506,-0.01342477796076938,10
1342.1244834636686,143.26876197013414,41.998232401014285,-2.0221488986477674,-0.01342477796076938,10
1342.6238031572386,143.04946287455385,41.549648931084654,-2.028852154665385,-0.01342477796076938,10
1343.1231228508086,142.82716175858334,41.10254554633496,-2.035555410683002,-0.01342477796076938,10
1343.6224425443786,142.6018686109838,40.65694233667305,-2.0422586667006177,-0.01342477796076938,10
1344.1217622379486,142.3735935549587,40.21285932459853,-2.0489619227182354,-0.01342477796076938,10
1344.6210819315186,142.1423468476992,39.77031646430367,-2.0556651787358513,-0.01342477796076938,10
1345.1204016250886,141.9081388799229,39.329333640775886,-2.062368434753469,-0.01342477796076938,10
1345.6197213186588,141.67098017540727,38.88993066890515,-2.0690716907710858,-0.01342477796076938,10
1346.1190410122288,141.43088139051648,38.45212729259296,-2.0757749467887026,-0.01342477796076938,10
1346.6183607057988,141.18785331372283,38.015943183865446,-2.0824782028063202,-0.01342477796076938,10
1347.1176803993687,140.94190686512187,37.581397941989586,-2.089181458823937,-0.01342477796076938,10
1347.6170000929387,140.69305309594165,37.14851109259221,-2.095884714841554,-0.01342477796076938,10
1348.116319786509,140.44130318804633,36.71730208678288,-2.1025879708591706,-0.01342477796076938,10
1348.6156394800787,140.18666845343358,36.2877903002798,-2.1092912268767874,-0.01342477796076938,10
1349.114959173649,139.92916033372637,35.85999503253922,-2.115994482894404,-0.01342477796076938,10
1349.614278867219,139.66879039965883,35.433935505888265,-2.122697738912021,-0.01342477796076938,10
1350.113598560789,139.40557035055633,35.0096308646611,-2.1294009949296386,-0.01342477796076938,10
1350.6129182543589,139.13951201380993,34.58710017433902,-2.1361042509472545,-0.01342477796076938,10
1351.1122379479289,138.8706273443446,34.16636242069317,-2.142807506964872,-0.01342477796076938,10
1351.6115576414988,138.5989284240825,33.747436508932246,-2.149510762982488,-0.01342477796076938,10
1352.1108773350688,138.32442746139955,33.33034126285219,-2.156214019000106,-0.01342477796076938,10
1352.610197028639,138.0471367905775,32.91509542399112,-2.1629172750177226,-0.01342477796076938,10
1353.109516722209,137.76706887124917,32.50171765078667,-2.1696205310353394,-0.01342477796076938,10
1353.608836415779,137.48423628783885,32.09022651773785,-2.176323787052956,-0.01342477796076938,10
1354.108156109349,137.1986517489967,31.6806405145703,-2.183027043070574,-0.01342477796076938,10
1354.607475802919,136.910328087028,31.27297804540575,-2.1897302990881906,-0.01342477796076938,10
1355.106795496489,136.6192782573162,30.86725742793474,-2.1964335551058065,-0.01342477796076938,10
1355.606115190059,136.3255153377409,30.46349689259352,-2.203136811123424,-0.01342477796076938,10
1356.1054348836292,136.0290525280904,30.061714581745356,-2.209840067141041,-0.01342477796076938,10
1356.6047545771992,135.72990314946827,29.661928548864807,-2.2165433231586578,-0.01342477796076938,10
1357.1040742707692,135.428080643695,29.26415675772671,-2.2232465791762754,-0.01342477796076938,10
1357.6033939643391,135.12359857270417,28.868417081599276,-2.2299498351938913,-0.01342477796076938,10
1358.1027136579091,134.8164706179325,28.474727302440343,-2.236653091211509,-0.01342477796076938,10
1358.6020333514793,134.5067105797058,28.083105110099112,-2.243356347229126,-0.01342477796076938,10
1359.101353045049,134.19433237661826,27.693568101520732,-2.2500596032467426,-0.01342477796076938,10
1359.6006727386193,133.87935004490754,27.306133779955857,-2.2567628592643594,-0.01342477796076938,10
1360.0999924321893,133.56177773782366,26.92081955417411,-2.263466115281976,-0.01342477796076938,10
1360.5993121257593,133.2416297249933,26.537642737681843,-2.270169371299593,-0.01342477796076938,10
1361.0986318193293,132.91892039177856,26.156620547944193,-2.2768726273172097,-0.01342477796076938,10
1361.5979515128993,132.59366423863048,25.777770105611374,-2.2835758833348274,-0.01342477796076938,10
1362.0972712064693,132.2658758804378,25.401108433749606,-2.290279139352444,-0.01342477796076938,10
1362.5965909000392,131.9355700458697,25.026652457075897,-2.296982395370061,-0.01342477796076938,10
1363.0959105936095,131.6027615767145,24.654419001197716,-2.3036856513876787,-0.01342477796076938,10
1363.5952302871794,131.2674654272127,24.28442479185712,-2.3103889074052946,-0.01342477796076938,10
1364.0945499807494,130.92969666338456,23.91668645417876,-2.3170921634229122,-0.01342477796076938,10
1364.5938696743194,130.5894704623539,23.551220511923454,-2.323795419440528,-0.01342477796076938,10
1365.0931893678894,130.24680211166537,23.18804338674513,-2.330498675458145,-0.01342477796076938,10
1365.5925090614594,129.90170700859812,22.827171397453306,-2.3372019314757626,-0.01342477796076938,10
1366.0918287550294,129.55420065947368,22.46862075927988,-2.3439051874933794,-0.01342477796076938,10
1366.5911484485996,129.20429867895913,22.11240758315021,-2.350608443510996,-0.01342477796076938,10
1367.0904681421696,128.85201678936573,21.758547874959426,-2.357311699528613,-0.01342477796076938,10
1367.5897878357396,128.49737081994215,21.407057534853124,-2.3640149555462306,-0.01342477796076938,10
1368.0891075293096,128.1403767061636,21.057952356513127,-2.3707182115638465,-0.01342477796076938,10
1368.5884272228795,127.78105048901533,20.71124802644738,-2.377421467581464,-0.01342477796076938,10
1369.0877469164495,127.41940831427232,20.366960123285637,-2.384124723599081,-0.01342477796076938,10
1369.5870666100195,127.05546643177344,20.02510411707911,-2.390827979616697,-0.01342477796076938,10
1370.0863863035897,126.68924119469123,19.685695368605238,-2.3975312356343155,-0.01342477796076938,10
1370.5857059971597,126.32074905879782,19.348749128678122,-2.4042344916519314,-0.01342477796076938,10
1371.0850256907297,125.95000658172444,19.014280537462348,-2.410937747669548,-0.01342477796076938,10
1371.5843453842997,125.5770304222182,18.68230462379337,-2.417641003687165,-0.01342477796076938,10
1372.0836650778697,125.20183733939322,18.3528363045019,-2.4243442597047826,-0.01342477796076938,10
1372.5829847714397,124.82444419197797,18.025890383743885,-2.4310475157223985,-0.01342477796076938,10
1373.0823044650097,124.44486793755699,17.701481552334855,-2.437750771740016,-0.01342477796076938,10
1373.5816241585799,124.06312563180981,17.379624387090388,-2.444454027757633,-0.01342477796076938,10
1374.0809438521499,123.67923442774395,17.060333350170687,-2.4511572837752498,-0.01342477796076938,10
1374.5802635457198,123.29321157492446,16.74362278843092,-2.4578605397928674,-0.01342477796076938,10
1375.0795832392898,122.90507441869886,16.429506932776633,-2.4645637958104833,-0.01342477796076938,10
1375.5789029328598,122.51484039941747,16.11799989752405,-2.4712670518281,-0.01342477796076938,10
1376.0782226264298,122.12252705165005,15.809115679766158,-2.477970307845717,-0.01342477796076938,10
1376.5775423199998,121.72815200339781,15.50286815874356,-2.4846735638633346,-0.01342477796076938,10
1377.07686201357,121.3317329753014,15.199271095221064,-2.4913768198809514,-0.01342477796076938,10
1377.57618170714,120.93328777984449,14.898338130869078,-2.498080075898568,-0.01342477796076938,10
1378.07550140071,120.53283432055348,14.600082787650827,-2.504783331916185,-0.01342477796076938,10
1378.57482109428,120.13039059119308,14.304518467214713,-2.5114865879338018,-0.01342477796076938,10
1379.07414078785,119.72597467495765,14.011658450292103,-2.5181898439514194,-0.01342477796076938,10
1379.57346048142,119.31960474365906,13.721515896100776,-2.5248930999690353,-0.01342477796076938,10
1380.07278017499,118.91129905690933,13.434103841753206,-2.531596355986653,-0.01342477796076938,10
1380.5720998685601,118.50107596130125,13.149435201671281,-2.53829961200427,-0.01342477796076938,10
1381.0714195621301,118.08895388958312,12.86752276700561,-2.5450028680218866,-0.01342477796076938,10
1381.5707392557001,117.67495135983091,12.58837920506096,-2.5517061240395034,-0.01342477796076938,10
1382.07005894927,117.25908697461611,12.312017058727022,-2.55840938005712,-0.01342477796076938,10
1382.56937864284,116.84137942016984,12.038448745914856,-2.565112636074737,-0.01342477796076938,10
1383.06869833641,116.42184746554324,11.76768655899884,-2.5718158920923537,-0.01342477796076938,10
1383.56801802998,116.00050996176395,11.499742664264353,-2.5785191481099714,-0.01342477796076938,10
1384.0673377235503,115.57738584098946,11.234629101361215,-2.585222404127588,-0.01342477796076938,10
1384.5666574171203,115.15249411565597,10.972357782762515,-2.591925660145205,-0.01342477796076938,10
1385.0659771106903,114.72585387762433,10.71294049322946,-2.5986289161628218,-0.01342477796076938,10
1385.5652968042602,114.2974842973222,10.456388889281854,-2.6053321721804377,-0.01342477796076938,10
1386.0646164978302,113.86740462288233,10.202714498674126,-2.6120354281980562,-0.01342477796076938,10
1386.5639361914002,113.43563417927842,9.951928719877827,-2.618738684215673,-0.01342477796076938,10
1387.0632558849702,113.002192367456,9.704042821568947,-2.625441940233289,-0.01342477796076938,10
1387.5625755785404,112.56709866346083,9.459067942121678,-2.6321451962509066,-0.01342477796076938,10
1388.0618952721104,112.13037261756428,9.217015089108259,-2.6388484522685234,-0.01342477796076938,10
1388.5612149656804,111.69203385338427,8.977895138803987,-2.64555170828614,-0.01342477796076938,10
1389.0605346592504,111.2521020670038,8.74171883569872,-2.652254964303757,-0.01342477796076938,10
1389.5598543528204,110.81059702608597,8.50849679201393,-2.6589582203213737,-0.01342477796076938,10
1390.0591740463904,110.36753856898548,8.278239487226031,-2.6656614763389914,-0.01342477796076938,10
1390.5584937399603,109.92294660385771,8.050957267595479,-2.672364732356608,-0.01342477796076938,10
1391.0578134335306,109.47684110776363,7.826660345701683,-2.679067988374225,-0.01342477796076938,10
1391.5571331271003,109.02924212577257,7.605358799984359,-2.685771244391841,-0.01342477796076938,10
1392.0564528206705,108.5801697700611,7.387062574290482,-2.6924745004094586,-0.01342477796076938,10
1392.5557725142405,108.12964421900998,7.171781477427658,-2.6991777564270754,-0.01342477796076938,10
1393.0550922078105,107.67768571629684,6.959525182723212,-2.705881012444692,-0.01342477796076938,10
1393.5544119013805,107.22431456998675,6.750303227589626,-2.71258426846231,-0.01342477796076938,10
1394.0537315949505,106.76955115162006,6.544125013096036,-2.7192875244799257,-0.01342477796076938,10
1394.5530512885207,106.31341589529634,6.3409998035455715,-2.7259907804975434,-0.01342477796076938,10
1395.0523709820907,105.85592929675694,6.140936726059408,-2.73269403651516,-0.01342477796076938,10
1395.5516906756607,105.39711191246354,5.943944770166425,-2.739397292532777,-0.01342477796076938,10
1396.0510103692307,104.93698435867469,5.750032787399348,-2.7461005485503938,-0.01342477796076938,10
1396.5503300628006,104.47556731051938,5.559209490897018,-2.7528038045680105,-0.01342477796076938,10
1397.0496497563706,104.01288150106804,5.37148345501285,-2.7595070605856282,-0.01342477796076938,10
1397.5489694499406,103.54894772040107,5.1868631149296505,-2.766210316603245,-0.01342477796076938,10
1398.0482891435108,103.08378681467444,5.005356766280457,-2.772913572620862,-0.01342477796076938,10
1398.5476088370806,102.61741968518321,4.8269725647759,-2.7796168286384777,-0.01342477796076938,10
1399.0469285306508,102.149867287422,4.651718525837623,-2.7863200846560954,-0.01342477796076938,10
1399.5462482242208,101.68115063014402,4.479602524238317,-2.793023340673712,-0.01342477796076938,10
1400.0455679177908,101.21129077441647,4.310632293747673,-2.799726596691329,-0.01342477796076938,10
1400.5448876113608,100.74030883267443,4.14481542678493,-2.8064298527089466,-0.01342477796076938,10
1401.0442073049308,100.26822596777242,3.982159374077895,-2.8131331087265625,-0.01342477796076938,10
1401.543526998501,99.7950633920329,3.822671444327824,-2.81983636474418,-0.01342477796076938,10
1402.042846692071,99.32084236629382,3.6663588038813515,-2.826539620761797,-0.01342477796076938,10
1402.542166385641,98.84558419895278,3.5132284764082726,-2.8332428767794138,-0.01342477796076938,10
1403.041486079211,98.3693102450098,3.3632873425860197,-2.8399461327970306,-0.01342477796076938,10
1403.540805772781,97.89204190510773,3.2165421397904908,-2.8466493888146474,-0.01342477796076938,10
1404.040125466351,97.41380062457058,3.072999461793245,-2.853352644832265,-0.01342477796076938,10
1404.539445159921,96.93460789244018,2.9326657584654043,-2.860055900849881,-0.01342477796076938,10
1405.038764853491,96.45448524050994,2.795547335487555,-2.8667591568674986,-0.01342477796076938,10
1405.5380845470609,95.97345424235839,2.6616503540667225,-2.8734624128851145,-0.01342477796076938,10
1406.037404240631,95.49153651237856,2.530980830659246,-2.880165668902732,-0.01342477796076938,10
1406.536723934201,95.00875370480793,2.40354463670063,-2.88686892492035,-0.01342477796076938,10
1407.036043627771,94.52512751275484,2.2793474983417212,-2.8935721809379658,-0.01342477796076938,10
1407.535363321341,94.04067966722349,2.1583949961912055,-2.9002754369555834,-0.01342477796076938,10
1408.034683014911,93.5554319361383,2.0406925650651146,-2.9069786929731993,-0.01342477796076938,10
1408.5340027084812,93.06940612336484,1.9262454937424138,-2.913681948990817,-0.01342477796076938,10
1409.033322402051,92.58262406773105,1.815058924727552,-2.920385205008434,-0.01342477796076938,10
1409.5326420956212,92.09510764204515,1.707137854019166,-2.9270884610260506,-0.01342477796076938,10
1410.0319617891912,91.60687875211336,1.6024871308858195,-2.9337917170436674,-0.01342477796076938,10
1410.5312814827612,91.11795933575527,1.5011114576479088,-2.940494973061284,-0.01342477796076938,10
1411.0306011763312,90.62837136181821,1.4030153894665318,-2.947198229078902,-0.01342477796076938,10
1411.5299208699012,90.13813682919039,1.3082033341387245,-2.9539014850965177,-0.01342477796076938,10
1412.0292405634714,89.64727776581164,1.2166795518993894,-2.9606047411141354,-0.01342477796076938,10
1412.5285602570411,89.15581622768467,1.128448155229961,-2.967307997131752,-0.01342477796076938,10
1413.0278799506114,88.66377429788312,1.04351310867348,-2.974011253149369,-0.01342477796076938,10
1413.5271996441813,88.17117408555971,0.9618782286565875,-2.9807145091669867,-0.01342477796076938,10
1414.0265193377513,87.67803772495297,0.8835471833179582,-2.9874177651846026,-0.01342477796076938,10
1414.5258390313213,87.18438737439202,0.8085234923434967,-2.9941210212022193,-0.01342477796076938,10
1415.0251587248913,86.69024521530163,0.736810526808199,-3.000824277219836,-0.01342477796076938,10
1415.5244784184615,86.19563345120511,0.6684115090246365,-3.007527533237454,-0.01342477796076938,10
1416.0237981120313,85.70057430672689,0.6033295123982754,-3.0142307892550706,-0.01342477796076938,10
1416.5231178056015,85.20509002659362,0.541567461289219,-3.0209340452726874,-0.01342477796076938,10
1417.0224374991715,84.70920287463484,0.4831281308809423,-3.027637301290304,-0.01342477796076938,10
1417.5217571927415,84.21293513278245,0.42801414705550656,-3.034340557307921,-0.01342477796076938,10
1418.0210768863114,83.71630910006957,0.37622798627560883,-3.0410438133255386,-0.01342477796076938,10
1418.5203965798814,83.21934709162885,0.3277719754733255,-3.0477470693431545,-0.01342477796076938,10
1419.0197162734514,82.72207143768905,0.2826482919454918,-3.0544503253607713,-0.01342477796076938,10
1419.5190359670216,82.22450448257234,0.24085896325593126,-3.061153581378389,-0.01342477796076938,10
1420.0183556605916,81.72666858369018,0.2024058671443214,-3.067856837396006,-0.01342477796076938,10
1420.5176753541616,81.22858611053843,0.16729073144179551,-3.0745600934136226,-0.01342477796076938,10
1421.0169950477316,80.73027944369242,0.13551513399337978,-3.0812633494312394,-0.01342477796076938,10
1421.5163147413016,80.23177097380133,0.10708050258701007,-3.087966605448856,-0.01342477796076938,10
1422.0156344348716,79.73308310058202,0.08198811488944102,-3.094669861466473,-0.01342477796076938,10
1422.5149541284418,79.23423823181248,0.06023909838876307,-3.1013731174840906,-0.01342477796076938,10
1423.0142738220115,78.7352587823253,0.04183443034386869,-3.1080763735017074,-0.01342477796076938,10
1423.5135935155818,78.23616717300001,0.02677493774038453,-3.114779629519324,-0.01342477796076938,10
1424.0129132091517,77.73698582975597,0.015061297253623707,-3.121482885536941,-0.01342477796076938,10
1424.5122329027217,77.23773718254459,0.006694035218131944,-3.1281861415545578,-0.01342477796076938,10
1425.0115525962917,76.73844366434143,0.0016735276040407143,-3.1348893975721746,-0.01342477796076938,10
1425.5108722898617,76.2391277101383,2.1316282072803006e-13,-3.1415926535897922,0.0,11
1426.0107993214733,75.73920067852664,2.126575729232208e-13,-3.1415926535897922,0.0,11
1426.5107263530851,75.23927364691497,2.1215232511841152e-13,-3.1415926535897922,0.0,11
1427.0106533846968,74.7393466153033,2.1164707731360225e-13,-3.1415926535897922,0.0,11
1427.5105804163084,74.23941958369164,2.1114182950879298e-13,-3.1415926535897922,0.0,11
1428.01050744792,73.73949255207998,2.106365817039837e-13,-3.1415926535897922,0.0,11
1428.5104344795318,73.2395655204683,2.1013133389917442e-13,-3.1415926535897922,0.0,11
1429.0103615111434,72.73963848885664,2.0962608609436515e-13,-3.1415926535897922,0.0,11
1429.510288542755,72.23971145724498,2.0912083828955589e-13,-3.1415926535897922,0.0,11
1430.0102155743666,71.7397844256333,2.0861559048474662e-13,-3.1415926535897922,0.0,11
1430.5101426059784,71.23985739402164,2.0811034267993735e-13,-3.1415926535897922,0.0,11
1431.01006963759,70.73993036240998,2.0760509487512808e-13,-3.1415926535897922,0.0,11
1431.5099966692017,70.24000333079832,2.0709984707031881e-13,-3.1415926535897922,0.0,11
1432.0099237008133,69.74007629918664,2.0659459926550955e-13,-3.1415926535897922,0.0,11
1432.509850732425,69.24014926757498,2.0608935146070028e-13,-3.1415926535897922,0.0,11
1433.0097777640367,68.74022223596332,2.0558410365589098e-13,-3.1415926535897922,0.0,11
1433.5097047956483,68.24029520435164,2.0507885585108172e-13,-3.1415926535897922,0.0,11
1434.0096318272601,67.74036817273998,2.0457360804627245e-13,-3.1415926535897922,0.0,11
1434.5095588588717,67.24044114112831,2.0406836024146318e-13,-3.1415926535897922,0.0,11
1435.0094858904833,66.74051410951665,2.035631124366539e-13,-3.1415926535897922,0.0,11
1435.509412922095,66.24058707790498,2.0305786463184464e-13,-3.1415926535897922,0.0,11
1436.0093399537068,65.74066004629331,2.0255261682703538e-13,-3.1415926535897922,0.0,11
1436.5092669853184,65.24073301468165,2.020473690222261e-13,-3.1415926535897922,0.0,11
1437.00919401693,64.74080598306998,2.0154212121741684e-13,-3.1415926535897922,0.0,11
1437.5091210485416,64.24087895145831,2.0103687341260755e-13,-3.1415926535897922,0.0,11
1438.0090480801534,63.74095191984665,2.0053162560779828e-13,-3.1415926535897922,0.0,11
1438.508975111765,63.24102488823498,2.00026377802989e-13,-3.1415926535897922,0.0,11
1439.0089021433766,62.74109785662331,1.9952112999817974e-13,-3.1415926535897922,0.0,11
1439.5088291749885,62.24117082501165,1.9901588219337047e-13,-3.1415926535897922,0.0,11
1440.0087562066,61.74124379339998,1.985106343885612e-13,-3.1415926535897922,0.0,11
1440.5086832382117,61.24131676178832,1.9800538658375194e-13,-3.1415926535897922,0.0,11
1441.0086102698233,60.74138973017665,1.9750013877894267e-13,-3.1415926535897922,0.0,11
1441.5085373014351,60.24146269856499,1.969948909741334e-13,-3.1415926535897922,0.0,11
1442.0084643330467,59.74153566695332,1.964896431693241e-13,-3.1415926535897922,0.0,11
1442.5083913646583,59.24160863534165,1.9598439536451484e-13,-3.1415926535897922,0.0,11
1443.00831839627,58.74168160372999,1.9547914755970557e-13,-3.1415926535897922,0.0,11
1443.5082454278818,58.24175457211832,1.949738997548963e-13,-3.1415926535897922,0.0,11
1444.0081724594934,57.74182754050665,1.9446865195008703e-13,-3.1415926535897922,0.0,11
1444.508099491105,57.241900508894986,1.9396340414527777e-13,-3.1415926535897922,0.0,11
1445.0080265227166,56.741973477283324,1.934581563404685e-13,-3.1415926535897922,0.0,11
1445.5079535543284,56.242046445671654,1.9295290853565923e-13,-3.1415926535897922,0.0,11
1446.00788058594,55.742119414059985,1.9244766073084996e-13,-3.1415926535897922,0.0,11
1446.5078076175516,55.24219238244832,1.9194241292604067e-13,-3.1415926535897922,0.0,11
1447.0077346491635,54.742265350836654,1.914371651212314e-13,-3.1415926535897922,0.0,11
1447.507661680775,54.242338319224984,1.9093191731642213e-13,-3.1415926535897922,0.0,11
1448.0075887123867,53.74241128761332,1.9042666951161286e-13,-3.1415926535897922,0.0,11
1448.5075157439983,53.24248425600166,1.899214217068036e-13,-3.1415926535897922,0.0,11
1449.0074427756101,52.742557224389984,1.8941617390199433e-13,-3.1415926535897922,0.0,11
1449.5073698072217,52.24263019277832,1.8891092609718506e-13,-3.1415926535897922,0.0,11
1450.0072968388333,51.74270316116666,1.884056782923758e-13,-3.1415926535897922,0.0,11
1450.507223870445,51.242776129555,1.8790043048756652e-13,-3.1415926535897922,0.0,11
1451.0071509020568,50.74284909794332,1.8739518268275723e-13,-3.1415926535897922,0.0,11
1451.5070779336684,50.24292206633166,1.8688993487794796e-13,-3.1415926535897922,0.0,11
1452.00700496528,49.742995034719996,1.863846870731387e-13,-3.1415926535897922,0.0,11
1452.5069319968916,49.24306800310833,1.8587943926832943e-13,-3.1415926535897922,0.0,11
1453.0068590285034,48.74314097149666,1.8537419146352016e-13,-3.1415926535897922,0.0,11
1453.506786060115,48.243213939884996,1.848689436587109e-13,-3.1415926535897922,0.0,11
1454.0067130917266,47.743286908273326,1.8436369585390162e-13,-3.1415926535897922,0.0,11
1454.5066401233385,47.24335987666166,1.8385844804909235e-13,-3.1415926535897922,0.0,11
1455.00656715495,46.743432845049995,1.8335320024428309e-13,-3.1415926535897922,0.0,11
1455.5064941865617,46.24350581343833,1.8284795243947382e-13,-3.1415926535897922,0.0,11
1456.0064212181733,45.743578781826656,1.8234270463466455e-13,-3.1415926535897922,0.0,11
1456.506348249785,45.243651750214994,1.8183745682985526e-13,-3.1415926535897922,0.0,11
1457.0062752813967,44.743724718603325,1.81332209025046e-13,-3.1415926535897922,0.0,11
1457.5062023130083,44.24379768699166,1.8082696122023672e-13,-3.1415926535897922,0.0,11
1458.00612934462,43.74387065538,1.8032171341542745e-13,-3.1415926535897922,0.0,11
1458.5060563762318,43.24394362376833,1.7981646561061818e-13,-3.1415926535897922,0.0,11
1459.0059834078434,42.74401659215667,1.7931121780580892e-13,-3.1415926535897922,0.0,11
1459.505910439455,42.244089560545,1.7880597000099965e-13,-3.1415926535897922,0.0,11
1460.0058374710666,41.74416252893334,1.7830072219619038e-13,-3.1415926535897922,0.0,11
1460.5057645026784,41.24423549732167,1.7779547439138109e-13,-3.1415926535897922,0.0,11
1461.00569153429,40.74430846571,1.7729022658657182e-13,-3.1415926535897922,0.0,11
1461.5056185659016,40.24438143409833,1.7678497878176255e-13,-3.1415926535897922,0.0,11
1462.0055455975134,39.74445440248667,1.7627973097695328e-13,-3.1415926535897922,0.0,11
1462.505472629125,39.244527370875,1.7577448317214401e-13,-3.1415926535897922,0.0,11
1463.0053996607367,38.744600339263336,1.7526923536733475e-13,-3.1415926535897922,0.0,11
1463.5053266923483,38.24467330765167,1.7476398756252548e-13,-3.1415926535897922,0.0,11
1464.00525372396,37.744746276040004,1.742587397577162e-13,-3.1415926535897922,0.0,11
1464.5051807555717,37.244819244428335,1.7375349195290694e-13,-3.1415926535897922,0.0,11
1465.0051077871833,36.74489221281667,1.7324824414809767e-13,-3.1415926535897922,0.0,11
1465.505034818795,36.244965181205,1.727429963432884e-13,-3.1415926535897922,0.0,11
1466.0049618504067,35.745038149593334,1.722377485384791e-13,-3.1415926535897922,0.0,11
1466.5048888820183,35.245111117981665,1.7173250073366984e-13,-3.1415926535897922,0.0,11
1467.00481591363,34.74518408637,1.7122725292886058e-13,-3.1415926535897922,0.0,11
1467.5047429452418,34.24525705475833,1.707220051240513e-13,-3.1415926535897922,0.0,11
1468.0046699768534,33.74533002314667,1.7021675731924204e-13,-3.1415926535897922,0.0,11
1468.504597008465,33.245402991535,1.6971150951443277e-13,-3.1415926535897922,0.0,11
1469.0045240400766,32.74547595992334,1.692062617096235e-13,-3.1415926535897922,0.0,11
1469.5044510716884,32.24554892831167,1.687010139048142e-13,-3.1415926535897922,0.0,11
1470.0043781033,31.74562189670001,1.6819576610000494e-13,-3.1415926535897922,0.0,11
1470.5043051349116,31.24569486508834,1.6769051829519567e-13,-3.1415926535897922,0.0,11
1471.0042321665233,30.745767833476677,1.671852704903864e-13,-3.1415926535897922,0.0,11
1471.504159198135,30.245840801865008,1.6668002268557714e-13,-3.1415926535897922,0.0,11
1472.0040862297467,29.74591377025334,1.6617477488076787e-13,-3.1415926535897922,0.0,11
1472.5040132613583,29.24598673864167,1.656695270759586e-13,-3.1415926535897922,0.0,11
1473.00394029297,28.746059707030007,1.6516427927114933e-13,-3.1415926535897922,0.0,11
1473.5038673245817,28.246132675418345,1.6465903146634007e-13,-3.1415926535897922,0.0,11
1474.0037943561933,27.746205643806675,1.641537836615308e-13,-3.1415926535897922,0.0,11
1474.503721387805,27.246278612195013,1.6364853585672153e-13,-3.1415926535897922,0.0,11
1475.0036484194168,26.746351580583344,1.6314328805191226e-13,-3.1415926535897922,0.0,11
1475.5035754510284,26.24642454897168,1.62638040247103e-13,-3.1415926535897922,0.0,11
1476.00350248264,25.746497517360012,1.621327924422937e-13,-3.1415926535897922,0.0,11
1476.5034295142516,25.246570485748343,1.6162754463748443e-13,-3.1415926535897922,0.0,11
1477.0033565458634,24.746643454136674,1.6112229683267516e-13,-3.1415926535897922,0.0,11
1477.503283577475,24.24671642252501,1.606170490278659e-13,-3.1415926535897922,0.0,11
1478.0032106090866,23.746789390913342,1.6011180122305663e-13,-3.1415926535897922,0.0,11
1478.5031376406982,23.24686235930168,1.5960655341824736e-13,-3.1415926535897922,0.0,11
1479.00306467231,22.74693532769001,1.5910130561343807e-13,-3.1415926535897922,0.0,11
1479.5029917039217,22.24700829607835,1.585960578086288e-13,-3.1415926535897922,0.0,11
1480.0029187355333,21.74708126446668,1.5809081000381953e-13,-3.1415926535897922,0.0,11
1480.5028457671451,21.24715423285501,1.5758556219901026e-13,-3.1415926535897922,0.0,11
1481.0027727987567,20.747227201243348,1.57080314394201e-13,-3.1415926535897922,0.0,11
1481.5026998303683,20.247300169631686,1.5657506658939173e-13,-3.1415926535897922,0.0,11
1482.00262686198,19.747373138020016,1.5606981878458246e-13,-3.1415926535897922,0.0,11
1482.5025538935918,19.247446106408347,1.555645709797732e-13,-3.1415926535897922,0.0,11
1483.0024809252034,18.747519074796678,1.5505932317496392e-13,-3.1415926535897922,0.0,11
1483.502407956815,18.247592043185016,1.5455407537015465e-13,-3.1415926535897922,0.0,11
1484.0023349884266,17.747665011573353,1.5404882756534538e-13,-3.1415926535897922,0.0,11
1484.5022620200384,17.247737979961677,1.535435797605361e-13,-3.1415926535897922,0.0,11
1485.00218905165,16.747810948350015,1.5303833195572682e-13,-3.1415926535897922,0.0,11
1485.5021160832616,16.247883916738353,1.5253308415091756e-13,-3.1415926535897922,0.0,11
1486.0020431148732,15.74795688512669,1.520278363461083e-13,-3.1415926535897922,0.0,11
1486.501970146485,15.248029853515014,1.5152258854129902e-13,-3.1415926535897922,0.0,11
1487.0018971780967,14.748102821903352,1.5101734073648975e-13,-3.1415926535897922,0.0,11
1487.5018242097083,14.248175790291683,1.5051209293168046e-13,-3.1415926535897922,0.0,11
1488.00175124132,13.74824875868002,1.500068451268712e-13,-3.1415926535897922,0.0,11
1488.5016782729317,13.248321727068344,1.4950159732206192e-13,-3.1415926535897922,0.0,11
1489.0016053045433,12.748394695456682,1.4899634951725265e-13,-3.1415926535897922,0.0,11
1489.501532336155,12.24846766384502,1.4849110171244339e-13,-3.1415926535897922,0.0,11
1490.0014593677668,11.748540632233357,1.4798585390763412e-13,-3.1415926535897922,0.0,11
1490.5013863993784,11.248613600621695,1.4748060610282485e-13,-3.1415926535897922,0.0,11
1491.00131343099,10.748686569010019,1.4697535829801558e-13,-3.1415926535897922,0.0,11
1491.5012404626016,10.248759537398357,1.4647011049320631e-13,-3.1415926535897922,0.0,11
1492.0011674942134,9.748832505786694,1.4596486268839704e-13,-3.1415926535897922,0.0,11
1492.501094525825,9.248905474175032,1.4545961488358778e-13,-3.1415926535897922,0.0,11
1493.0010215574366,8.748978442563356,1.449543670787785e-13,-3.1415926535897922,0.0,11
1493.5009485890482,8.249051410951694,1.4444911927396924e-13,-3.1415926535897922,0.0,11
1494.00087562066,7.7491243793400315,1.4394387146915997e-13,-3.1415926535897922,0.0,11
1494.5008026522717,7.249197347728369,1.434386236643507e-13,-3.1415926535897922,0.0,11
1495.0007296838833,6.749270316116693,1.429333758595414e-13,-3.1415926535897922,0.0,11
1495.500656715495,6.249343284505031,1.4242812805473214e-13,-3.1415926535897922,0.0,11
1496.0005837471067,5.749416252893354,1.4192288024992285e-13,-3.1415926535897922,0.0,11
1496.5005107787183,5.249489221281692,1.414176324451136e-13,-3.1415926535897922,0.0,11
1497.00043781033,4.749562189670016,1.4091238464030431e-13,-3.1415926535897922,0.0,11
1497.5003648419417,4.249635158058354,1.4040713683549505e-13,-3.1415926535897922,0.0,11
1498.0002918735534,3.7497081264466914,1.3990188903068578e-13,-3.1415926535897922,0.0,11
1498.500218905165,3.249781094835029,1.393966412258765e-13,-3.1415926535897922,0.0,11
1499.0001459367766,2.749854063223353,1.3889139342106724e-13,-3.1415926535897922,0.0,11
1499.5000729683884,2.2499270316116906,1.3838614561625797e-13,-3.1415926535897922,0.0,11
1500.0,1.7500000000000284,1.378808978114487e-13,-3.1415926535897922,0.0,11
